"Rank","Colors","CMC","Name","Rarity","Type","Card Kingdom","TCGPlayer","Face to Face","Cardmarket","CardTrader","Cardhoarder","Salt","Decks"
"undefined","undefined","undefined","undefined","undefined","undefined","undefined","undefined","undefined","undefined","undefined","undefined","undefined","undefined"
"1","W,U,B","4","Y'shtola, Night's Blessed","mythic","Creature","3.49","5.15","4.28","3.23","2.23","4.27","0.9212598425196851","54481"
"2","R,W,B","6","Edgar Markov","mythic","Creature","37.99","30.29","35.71","25.14","23.23","1.76","2.0457875457875456","50953"
"3","W,U,B,R,G","9","The Ur-Dragon","mythic","Creature","42.99","35.79","42.85","29.76","33.46","0.03","1.9667221297836939","50913"
"4","G,W,U,B","4","Atraxa, Praetors' Voice","mythic","Creature","27.99","24.95","23.57","15.88","20.27","0.02","1.722789115646258","44735"
"5","R","4","Krenko, Mob Boss","rare","Creature","3.49","2.09","2.85","1.17","1.7","0.02","1.1744505494505486","44127"
"6","U,R","3","Vivi Ornitier","mythic","Creature","49.99","37.11","50","31.28","45.44","0.92","2.807486631016043","40658"
"7","U,B,R","6","Sauron, the Dark Lord","mythic","Creature","21.99","19.13","22.85","17.66","20.27","0.02","1.1549815498154992","39844"
"8","R,W,B","4","Kaalia of the Vast","mythic","Creature","3.99","2.33","3.56","2.22","1.62","0.02","1.1871559633027513","39705"
"9","B,G,U","4","Teval, the Balanced Scale","mythic","Creature","4.49","5.21","4.28","6.45","5.68","undefined","0.6049382716049383","38772"
"10","U,B,R","4","Fire Lord Azula","rare","Creature","0.99","1.03","1.06","1.19","1.23","0.02","undefined","37666"
"11","G,W,U","4","Ms. Bumbleflower","mythic","Creature","5.99","6.71","5.71","17.03","6.37","undefined","0.8064516129032258","36951"
"12","R,G,W","5","Pantlaza, Sun-Favored","mythic","Creature","2.49","5.47","2.14","3.52","6.67","0.34","0.8370786516853933","36728"
"13","B,G","4","Lathril, Blade of the Elves","rare","Creature","2.49","2.58","2.14","1.53","1.01","0.02","0.9107806691449815","35737"
"14","W","2","Giada, Font of Hope","rare","Creature","0.99","0.5","1.06","0.52","0.49","0.02","0.4598930481283423","34896"
"15","B,G,U","4","The Wise Mothman","mythic","Creature","0.99","2.16","1.06","0.5","1.39","undefined","1.0082644628099173","33631"
"16","W,U,B,R,G","5","Jodah, the Unifier","mythic","Creature","2.79","3.14","2.49","1.49","2.08","0.02","1.9393346379647758","33081"
"17","R,G,W","4","Toph, the First Metalbender","rare","Creature","1.29","1.37","1.42","0.77","0.83","0.02","undefined","32787"
"18","U,B,R","5","Nekusar, the Mindrazer","rare","Creature","3.49","3.15","2.85","1.37","2.18","0.02","1.242063492063493","32339"
"19","U,B","3","Yuriko, the Tiger's Shadow","rare","Creature","3.99","3.17","4.28","2.39","3.73","1.05","2.1452420701168586","32034"
"20","W,U,B,R,G","5","Kenrith, the Returned King","mythic","Creature","1.49","0.51","1.06","0.72","0.9","0.02","1.0920000000000005","31604"
"21","R,G,W","5","Cloud, Ex-SOLDIER","mythic","Creature","0.99","1.51","1.06","0.78","0.34","1.94","0.7021276595744682","31457"
"22","B,R,G","4","Hearthhull, the Worldseed","mythic","Artifact","0.99","1.04","1.06","0.76","0.47","undefined","0.46153846153846156","31305"
"23","U,B,R","5","Kefka, Court Mage","mythic","Creature","9.49","6.09","9.99","5.6","7.3","0.02","1.223214285714286","31154"
"24","B,R","4","Valgavoth, Harrower of Souls","mythic","Creature","29.99","22.46","27.85","17.95","29.72","0.97","0.7624999999999998","30716"
"25","R,W,B","3","Isshin, Two Heavens as One","rare","Creature","3.49","4","3.21","2.73","3.08","0.02","0.6521739130434784","30565"
"26","B","3","Sephiroth, Fabled SOLDIER","mythic","Creature","42.99","29.11","39.28","28.97","36.41","0.74","1.4278350515463911","30392"
"27","R,G,W","3","Baylen, the Haymaker","rare","Creature","1.49","1.08","1.42","0.5","0.7","0.02","0.9186991869918701","29816"
"28","G,U,R","6","Miirym, Sentinel Wyrm","rare","Creature","4.49","4.6","4.28","5.27","7.58","12.6","1.784844384303112","28508"
"29","B,G","3","Chatterfang, Squirrel General","mythic","Creature","13.99","10.31","14.28","7.11","8.13","0.02","0.9568965517241378","27777"
"30","W,U,B,R,G","5","Ulalek, Fused Atrocity","mythic","Creature","0.99","0.94","1.06","0.23","0.38","0.02","1.320328542094455","27626"
"31","W,B","2","Frodo, Adventurous Hobbit // Sam, Loyal Attendant","mythic","Creature","0.99","0.31","1.06","0.51","0.42","1.37","0.4155844155844156","26921"
"32","W,U,B","2","Hashaton, Scarab's Fist","mythic","Creature","0.99","0.82","1.06","1.02","0.59","3.11","0.6736111111111112","26884"
"33","W,U,B,R,G","3","Ashling, the Limitless","mythic","Creature","0.99","0.46","0.71","0.6","0.46","undefined","undefined","26244"
"34","R,G","3","Bello, Bard of the Brambles","mythic","Creature","1.99","2.9","2.14","3.41","1.81","undefined","0.6","26239"
"35","W,U,B,R,G","3","Esika, God of the Tree","mythic","Creature","22.99","15.88","23.57","11.51","17.61","0.02","1.1523178807947019","25991"
"36","G,U","4","Hakbal of the Surging Soul","mythic","Creature","0.99","0.39","1.06","0.94","0.76","undefined","0.7395833333333331","25268"
"37","B,G,U","6","Muldrotha, the Gravetide","mythic","Creature","1.49","0.59","1.42","0.86","0.82","0.02","0.903921568627451","25201"
"38","R,G,W","4","Rin and Seri, Inseparable","mythic","Creature","29.99","28.87","28.57","3.2","16.26","0.02","0.5","24779"
"39","B,G,U","3","Glarb, Calamity's Augur","mythic","Creature","4.99","4.21","4.99","4.24","5.37","0.03","0.3636363636363637","24264"
"40","G,U,R","3","Animar, Soul of Elements","mythic","Creature","27.99","28.18","27.85","23.79","35.9","0.11","1.0454545454545454","23479"
"41","R,G,W,U","4","Aragorn, the Uniter","mythic","Creature","7.49","6.46","7.14","5.42","7.27","0.02","0.7543859649122807","23136"
"42","G,W,U","4","Arcades, the Strategist","mythic","Creature","3.99","2.64","3.56","1.67","2.6","0.02","0.8235294117647058","23117"
"43","B,G","5","Ygra, Eater of All","mythic","Creature","15.99","12.31","14.99","7.58","9.42","0.14","0.9285714285714286","22977"
"44","W,B,G","4","The Necrobloom","rare","Creature","0.49","0.35","0.54","0.23","0.23","0.02","0.6494845360824741","22912"
"45","G,U,R","3","Flubs, the Fool","mythic","Creature","2.29","3.19","2.49","0.74","1.54","6.58","0.5555555555555556","22827"
"46","R,W,B","3","Mr. House, President and CEO","mythic","Creature","0.99","2.02","1.06","4.9","0.58","2.08","0.8846153846153846","22821"
"47","R,W,B","4","Caesar, Legion's Emperor","mythic","Creature","5.99","7.26","6.42","0.44","7.34","undefined","0.4824561403508771","22731"
"48","R,W","2","Arabella, Abandoned Doll","uncommon","Creature","0.99","0.62","1.42","0.36","0.56","0.03","0.5454545454545453","22654"
"49","W,U,B,R","4","Breya, Etherium Shaper","mythic","Creature","0.99","0.4","1.06","0.37","0.38","0.02","0.23529411764705882","22485"
"50","U,B","4","Wilhelt, the Rotcleaver","mythic","Creature","8.99","8.72","9.99","2.01","11.83","3.6","0.5185185185185185","22467"
"51","B,G,U","5","Maralen, Fae Ascendant","rare","Creature","0.49","0.48","0.54","0.4","0.33","0.02","undefined","22441"
"52","W,U,B","6","Oloro, Ageless Ascetic","mythic","Creature","19.99","17.12","19.99","10.01","12.15","0.02","1.138636363636365","22336"
"53","B,G","4","Meren of Clan Nel Toth","mythic","Creature","2.99","2.14","2.85","0.7","2.09","2.28","0.7395209580838322","22209"
"54","B,R","4","Kuja, Genome Sorcerer","rare","Creature","1.79","1.34","1.78","0.8","1.1","0.02","0.6771653543307085","22099"
"55","G,U,R","7","Ureni of the Unwritten","mythic","Creature","10.99","17.14","11.42","13.84","13","undefined","0.8527607361963189","21986"
"56","G,U","2","Kinnan, Bonder Prodigy","mythic","Creature","19.99","15.54","19.28","10.6","19.55","0.02","2.1463087248322186","21668"
"57","W,B","4","Teysa Karlov","rare","Creature","2.99","1.92","2.85","1.11","1.4","0.02","0.534031413612566","21522"
"58","R,G,W","8","Gishath, Sun's Avatar","mythic","Creature","2.79","2.71","2.85","4.19","5.68","0.02","0.9307228915662651","21327"
"59","","6","Zhulodok, Void Gorger","mythic","Creature","37.99","44.55","39.28","4.53","54","5.24","1.3677758318739053","21236"
"60","W,U,B,R,G","5","Tom Bombadil","mythic","Creature","3.49","2.69","3.21","3.16","3.85","0.02","0.42857142857142855","21224"
"61","G,W,U","3","Tidus, Yuna's Guardian","mythic","Creature","0.99","2.73","1.06","1.62","0.38","1.62","0.45360824742268024","21167"
"62","R,G,W","4","Atla Palani, Nest Tender","mythic","Creature","0.99","1.11","1.06","0.46","0.5","0.22","0.5517241379310345","21094"
"63","B,R,G","5","Korvold, Fae-Cursed King","mythic","Creature","1.49","0.46","1.42","1.16","0.75","0.02","1.6494156928213697","21014"
"64","W,U","4","Shorikai, Genesis Engine","mythic","Artifact","4.99","2.56","4.99","2.64","4.1","8.07","0.5736040609137057","20964"
"65","R,W,B","3","Zurgo Stormrender","mythic","Creature","1.49","5.04","1.06","3.55","1.57","undefined","0.2777777777777778","20837"
"66","W,U,B,R,G","4","Go-Shintai of Life's Origin","mythic","Creature","12.99","8.04","12.85","10.22","10.42","3.08","0.5549132947976877","20595"
"67","U","4","Urza, Lord High Artificer","mythic","Creature","19.99","15.67","19.99","6.26","16.27","0.11","2.3114543114543133","20566"
"68","W,B,G","4","Felothar the Steadfast","mythic","Creature","1.99","3.12","1.42","2.71","1.8","undefined","0.3274336283185841","20488"
"69","B","7","K'rrik, Son of Yawgmoth","rare","Creature","1.99","0.93","2.14","0.74","0.84","0.02","1.2813333333333332","20436"
"70","R,W,B","4","Queen Marchesa","rare","Creature","1.99","1.12","2.14","0.67","0.95","1.5","0.3655913978494624","20433"
"71","W,U,B,R,G","2","The Wandering Minstrel","rare","Creature","0.49","0.38","0.54","0.18","0.26","0.02","0.5544554455445545","20397"
"72","W,U,B,R,G","4","Avatar Aang","mythic","Creature","3.49","3.22","46.43","3.39","2.61","0.02","undefined","20143"
"73","G,W,U","3","Helga, Skittish Seer","mythic","Creature","3.99","3.57","4.28","3.84","4.01","0.12","0.27586206896551724","20119"
"74","B,G,U","4","Zaxara, the Exemplary","mythic","Creature","1.49","2.25","1.42","0.57","1.85","2.74","0.4117647058823529","20116"
"75","G,W,U","4","Choco, Seeker of Paradise","rare","Creature","0.49","0.34","0.54","0.31","0.3","0.02","0.43157894736842106","19974"
"76","U,R","3","Ghyrson Starn, Kelermorph","rare","Creature","42.99","34.31","42.85","27.62","42.5","11.27","1.1089494163424138","19878"
"77","G,U,R","5","Xyris, the Writhing Storm","mythic","Creature","2.49","1.48","2.49","1","0.85","3.28","0.5000000000000001","19753"
"78","W,U,B,R,G","5","The First Sliver","mythic","Creature","34.99","29.66","32.14","27.72","43.67","0.02","1.66078431372549","19739"
"79","B,G,U","4","Kotis, the Fangkeeper","rare","Creature","0.49","0.36","0.54","0.19","0.28","0.02","0.8392857142857141","19729"
"80","R,W,B","3","Terra, Herald of Hope","mythic","Creature","0.99","1.26","1.06","0.73","0.27","1.84","0.46808510638297873","19665"
"81","W,U,B,R,G","3","Terra, Magical Adept","mythic","Creature","2.49","2.22","2.49","0.02","2.33","0.02","0.5535714285714285","19481"
"82","B,R,G","4","Auntie Ool, Cursewretch","mythic","Creature","0.99","0.36","0.71","0.32","0.43","undefined","undefined","19373"
"83","W,B,G","5","Betor, Ancestor's Voice","mythic","Creature","0.99","3.67","1.06","1.77","1.57","undefined","0.37931034482758635","19368"
"84","W,U,B,R,G","3","Sisay, Weatherlight Captain","rare","Creature","2.49","2.58","2.49","1.41","2.02","0.02","0.9832089552238806","19098"
"85","U,R,W","3","Kilo, Apogee Mind","mythic","Creature","0.99","2.19","1.06","0.5","0.53","2","0.39215686274509803","19046"
"86","W,B","3","Eriette of the Charmed Apple","mythic","Creature","0.99","0.37","0.71","0.6","0.47","0.02","0.4897959183673469","19021"
"87","B,R,G","3","Henzie ""Toolbox"" Torre","mythic","Creature","0.99","0.99","1.06","0.11","1.01","3.06","0.6875","18754"
"88","R,W","2","Ragost, Deft Gastronaut","rare","Creature","0.49","0.33","0.54","0.2","0.28","0.02","0.34579439252336447","18734"
"89","R,G,W,U","4","Omnath, Locus of Creation","mythic","Creature","4.49","4.17","4.99","2.27","3.71","0.64","1.0219298245614037","18619"
"90","U,B,R","2","Norman Osborn","mythic","Creature","17.99","18.1","18.57","9.62","10.46","0.14","0.7446808510638298","18543"
"91","U,B","5","Captain N'ghathrod","mythic","Creature","8.99","12.81","9.28","0.95","15.82","2.5","0.6000000000000002","18523"
"92","W,U,B,R,G","3","Urtet, Remnant of Memnarch","mythic","Creature","5.49","5.65","4.99","2.81","3.56","9.33","0.4666666666666667","18511"
"93","R,G,W","5","Voja, Jaws of the Conclave","mythic","Creature","9.49","10.2","9.99","10.64","10.94","14.49","1.6849593495934956","18484"
"94","W,U","2","Hope Estheim","rare","Creature","0.49","0.36","0.54","0.19","0.36","0.02","0.7567567567567566","18172"
"95","R","2","Magda, Brazen Outlaw","rare","Creature","11.99","10.89","12.14","2.63","7.09","0.02","0.8233532934131736","17927"
"96","W,U,B,R,G","2","Ezio Auditore da Firenze","mythic","Creature","3.99","3.19","3.56","4.08","4.07","0.02","0.6153846153846155","17858"
"97","U,B","4","Alela, Cunning Conqueror","mythic","Creature","22.99","13.79","20.71","9.88","10.89","5.55","0.8035714285714286","17826"
"98","U,R,W","3","Zinnia, Valley's Voice","mythic","Creature","0.99","0.44","0.71","0.49","0.24","undefined","0.7333333333333333","17816"
"99","W,U,B","4","Sidar Jabari of Zhalfir","mythic","Creature","0.99","0.55","1.06","0.33","0.57","1.74","0.6301652892561981","17790"
"100","U,B,R","4","Obeka, Splitter of Seconds","rare","Creature","0.49","0.27","0.54","0.17","0.15","0.02","0.6129032258064518","17767"
"101","B,G","4","High Perfect Morcant","rare","Creature","2.99","1.61","2.85","0.96","1.39","0.02","undefined","17728"
"102","W,U,B","5","Marneus Calgar","mythic","Creature","14.99","13","14.99","3.72","16.14","undefined","0.8688524590163934","17683"
"103","G,W,U,B","7","Atraxa, Grand Unifier","mythic","Creature","29.99","18.48","32.14","19.13","25.66","8.03","1.5545286506469504","17598"
"104","W,U,B","4","Aminatou, Veil Piercer","mythic","Creature","0.99","0.6","1.06","0.87","0.58","2","0.43478260869565216","17219"
"105","B,R","4","Deadpool, Trading Card","mythic","Creature","17.99","18.87","18.57","18.12","18.57","undefined","1.9012345679012346","17200"
"106","R,G","7","Etali, Primal Conqueror","rare","Creature","34.99","25.94","35.71","20.65","31.47","0.02","1.6455172413793104","17152"
"107","G,U","6","Aesi, Tyrant of Gyre Strait","mythic","Creature","16.99","11.22","15.71","11.05","13.16","7.78","1.126162018592299","17135"
"108","W,U,B","4","Zur the Enchanter","rare","Creature","1.49","1.06","1.42","0.5","1.03","0.02","1.1627486437613022","17100"
"109","B,G","8","Witherbloom, the Balancer","mythic","Creature","4.99","3.85","4.99","2.8","4.75","0.12","undefined","17097"
"110","W,U,B","6","Urza, Chief Artificer","mythic","Creature","1.49","5.66","1.42","2.08","3.3","1.69","0.6896551724137933","17025"
"111","W,U,B","4","Alela, Artful Provocateur","mythic","Creature","0.99","0.39","1.06","0.44","0.62","0.02","0.4999999999999998","16875"
"112","W,U","2","Mendicant Core, Guidelight","rare","Creature","0.79","0.74","0.71","0.58","0.73","0.02","0.4578313253012048","16855"
"113","G,W,U","5","Galadriel, Light of Valinor","mythic","Creature","24.99","27","28.57","23.34","31.03","0.58","0.5633802816901409","16828"
"114","W,U,B","4","Jin Sakai, Ghost of Tsushima","mythic","Creature","119.99","101.46","121.43","88.98","85.14","undefined","undefined","16480"
"115","G,U,R","4","Storm, Force of Nature","mythic","Creature","4.99","5.46","4.99","4.55","5.08","2.08","1.913978494623656","16429"
"116","G","2","Fynn, the Fangbearer","uncommon","Creature","0.39","0.2","0.35","0.11","0.12","0.03","1.15","16165"
"117","W,U,B,R,G","7","Morophon, the Boundless","mythic","Creature","8.99","8.29","9.28","2.67","4.36","0.02","0.6666666666666662","16157"
"118","U,R,W","3","Captain America, First Avenger","mythic","Creature","6.49","7.2","7.14","5.02","4.91","2.19","0.8962264150943396","15977"
"119","R,G,W,U","4","Kynaios and Tiro of Meletis","mythic","Creature","8.99","9.02","9.28","4.96","7.04","1.05","0.05","15807"
"120","G,U","4","Zimone, Mystery Unraveler","mythic","Creature","0.99","0.46","1.06","0.63","0.28","undefined","0.36","15795"
"121","R,G","3","Tovolar, Dire Overlord","rare","Creature","0.99","0.44","1.06","0.51","0.59","0.02","0.375","15783"
"122","U,R","6","Niv-Mizzet, Parun","rare","Creature","5.49","0.75","4.99","2.29","2.55","0.02","1.2683246073298424","15762"
"123","R","4","Zada, Hedron Grinder","uncommon","Creature","0.35","0.13","0.35","0.11","0.12","0.02","0.7666666666666667","15674"
"124","U,B,R","6","Be'lakor, the Dark Master","mythic","Creature","5.99","4.11","5.71","4.73","2.88","undefined","0.23809523809523808","15642"
"125","G","2","Tifa Lockhart","rare","Creature","3.99","2.99","4.28","1.93","2.4","0.02","1.0990099009900995","15439"
"126","W,U,B,R,G","5","Marina Vendrell","rare","Creature","0.49","0.24","0.35","0.17","0.14","0.02","0.1263157894736841","15281"
"127","G,U,R","4","Magus Lucea Kane","mythic","Creature","5.99","4.12","5.71","3.98","4.8","undefined","0.5555555555555556","15183"
"128","U,R,W","5","Éowyn, Shieldmaiden","mythic","Creature","0.99","0.39","1.06","0.76","0.5","1.28","0.18518518518518517","15181"
"129","W,U","4","Brago, King Eternal","rare","Creature","4.49","2.94","3.56","2.13","2.64","0.02","0.9805555555555551","15124"
"130","U,B","5","Lord of the Nazgûl","rare","Creature","5.49","3.82","5.71","3.81","4.31","2.91","0.3917525773195876","15097"
"131","G,U,R","6","Iroh, Grand Lotus","rare","Creature","0.49","0.39","0.54","0.19","0.19","0.02","undefined","14945"
"132","U,R,W","4","Satya, Aetherflux Genius","mythic","Creature","0.99","0.28","0.71","0.24","0.13","0.02","0.36363636363636365","14899"
"133","R,W","3","Lightning, Army of One","mythic","Creature","12.99","10.32","12.85","8.26","8.66","0.02","0.7857142857142857","14809"
"134","R,G","3","Kibo, Uktabi Prince","mythic","Creature","7.49","7.88","7.14","0.86","4.61","undefined","0.43478260869565216","14772"
"135","U,B","3","Satoru Umezawa","rare","Creature","0.79","0.58","0.71","0.37","0.5","0.02","0.8","14647"
"136","G,U,R","3","Eshki, Temur's Roar","mythic","Creature","1.49","2.3","1.42","2.03","0.9","undefined","0.4757281553398059","14493"
"137","U,B,R","5","Inalla, Archmage Ritualist","mythic","Creature","2.79","4.07","2.85","1.17","6.35","1.71","0.9333333333333333","14456"
"138","W,U,B,R,G","5","Omnath, Locus of All","rare","Creature","0.49","0.45","0.54","0.22","0.19","0.02","0.5294117647058825","14304"
"139","B,R","4","Prosper, Tome-Bound","mythic","Creature","7.49","5.12","8.57","7.3","8.46","5.41","0.8202054794520551","14300"
"140","U,R,W","4","Kykar, Wind's Fury","rare","Creature","0.79","0.44","0.71","0.48","0.53","0.02","0.5660377358490566","14295"
"141","B","5","Marrow-Gnawer","rare","Creature","27.99","13.99","25","0.46","18.27","0.02","0.584070796460177","14281"
"142","U,B","5","The Scarab God","mythic","Creature","5.99","2.97","5.71","3.88","3.48","0.02","0.755952380952381","14243"
"143","U","4","Eluge, the Shoreless Sea","mythic","Creature","5.99","5.11","5.71","2.65","5.06","0.02","0.7439024390243902","14225"
"144","R,W","4","Winota, Joiner of Forces","mythic","Creature","5.49","4.34","4.99","2.24","5.75","0.02","1.848659003831418","14208"
"145","G,W","2","Sythis, Harvest's Hand","rare","Creature","4.99","3.64","4.99","2.86","3.51","0.02","0.9657794676806084","14187"
"146","U,B,R","4","Marchesa, the Black Rose","rare","Creature","1.99","1.58","2.14","1.01","1.59","0.02","0.6964285714285714","14067"
"147","W,U,B,R,G","3","Najeela, the Blade-Blossom","mythic","Creature","4.99","7.23","4.99","3.05","5.88","0.18","1.2899786780383804","14014"
"148","W,U","4","Grand Arbiter Augustin IV","rare","Creature","17.99","18.11","17.85","5.71","12.21","0.02","2.5782537067545293","13997"
"149","W,U,B","5","Temmet, Naktamun's Will","mythic","Creature","0.99","0.38","1.06","0.77","0.36","undefined","0.3018867924528302","13918"
"150","W,U,B,R,G","7","Tiamat","mythic","Creature","23.99","23.02","25","17.62","24.4","0.02","0.9565217391304348","13848"
"151","W,U,B,R,G","3","Azlask, the Swelling Scourge","mythic","Creature","0.99","0.36","0.71","0.32","0.25","0.02","0.782608695652174","13817"
"152","W,U,B,R,G","5","Cosmic Spider-Man","mythic","Creature","2.79","3.19","2.49","1.54","2","0.02","1.2282608695652169","13801"
"153","B,G","6","Shelob, Child of Ungoliant","rare","Creature","2.49","1.89","2.49","0.77","0.71","0.02","0.4","13724"
"154","U,R,W","3","Inspirit, Flagship Vessel","mythic","Artifact","0.99","1.33","1.06","0.75","0.38","undefined","0.4411764705882353","13509"
"155","R,W","3","Feather, the Redeemed","rare","Creature","1.29","0.94","1.42","0.52","0.58","0.02","0.896551724137931","13496"
"156","R,G,W","3","Rocco, Street Chef","rare","Creature","0.79","0.42","0.71","0.32","0.27","0.02","0.05","13449"
"157","W,B,G","5","Anikthea, Hand of Erebos","mythic","Creature","3.99","7.74","4.28","4.62","7.6","2.02","0.38596491228070173","13359"
"158","U,R","3","Atreus, Impulsive Son // Kratos, Stoic Father","mythic","Creature","3.49","4.86","4.28","3.16","2.29","undefined","undefined","13348"
"159","B,G","5","Rendmaw, Creaking Nest","mythic","Creature","0.99","1.23","1.06","0.6","0.45","undefined","0.3613445378151261","13327"
"160","G,U","3","Omo, Queen of Vesuva","mythic","Creature","0.99","0.31","1.06","0.02","0.18","0.03","0.42857142857142855","13316"
"161","R,W,B","3","Fire Lord Zuko","rare","Creature","0.49","0.42","0.54","0.27","0.25","0.02","undefined","13298"
"162","B,G,U","5","Yarok, the Desecrated","mythic","Creature","0.99","0.35","1.06","0.49","0.4","0.02","0.7236842105263158","13209"
"163","U,B,R","5","Edward Kenway","mythic","Creature","12.99","7.06","13.57","6.64","7.08","0.02","0.4","13083"
"164","W,B","5","Liesa, Shroud of Dusk","rare","Creature","0.79","0.67","0.71","0.76","1.19","5.31","0.7988165680473372","13048"
"165","W,B,G","4","Doran, Besieged by Time","rare","Creature","0.49","0.63","0.54","0.44","0.5","0.02","undefined","13040"
"166","U,B,R","5","Dr. Eggman","mythic","Creature","1.99","1.63","2.14","1.23","1.1","undefined","0.7087378640776699","13019"
"167","W,U,B,R,G","6","Ramos, Dragon Engine","mythic","Creature","1.29","0.39","1.42","0.65","0.45","0.02","0.4666666666666667","12985"
"168","W,U,B","6","Tivit, Seller of Secrets","mythic","Creature","5.99","4.29","4.28","4.4","7.05","15.46","1.2500000000000007","12973"
"169","G","3","Shroofus Sproutsire","rare","Creature","9.49","5.31","9.99","4.92","5.46","5.14","0.3","12915"
"170","U,B","4","Jon Irenicus, Shattered One","rare","Creature","0.49","0.26","0.54","0.21","0.21","5.99","0.782608695652174","12868"
"171","R,G","3","Wolverine, Best There Is","mythic","Creature","18.99","19.8","19.28","9.64","11.11","2.13","1.0918367346938769","12834"
"172","U,B","4","Vren, the Relentless","rare","Creature","0.99","0.41","0.71","0.45","0.42","0.02","0.5","12830"
"173","B,G","3","Blech, Loafing Pest","rare","Creature","0.49","0.4","0.54","0.15","0.42","0.02","undefined","12803"
"174","U","3","The Mindskinner","rare","Creature","3.49","2.84","3.21","0.78","1.09","0.02","0.7453703703703701","12802"
"175","W,U,B","3","Sefris of the Hidden Ways","mythic","Creature","1.29","0.59","1.42","0.43","0.84","8.93","0.47058823529411764","12783"
"176","B","5","Tergrid, God of Fright","rare","Creature","22.99","17.73","22.85","14.26","21.73","0.02","2.8022959183673457","12753"
"177","B,R,G","4","Yurlok of Scorch Thrash","rare","Creature","0.49","0.36","0.54","0.26","0.19","1.48","0.8235294117647058","12631"
"178","U,B","2","Golbez, Crystal Collector","rare","Creature","0.49","0.34","0.54","0.32","0.58","0.02","0.14130434782608695","12600"
"179","W,U","4","Hylda of the Icy Crown","mythic","Creature","5.49","3.92","4.99","1.75","2.87","0.02","0.5789473684210527","12573"
"180","B,R,G","5","Disa the Restless","mythic","Creature","0.99","0.13","0.71","0.15","0.12","0.02","0.5238095238095238","12555"
"181","U,B,R","4","Wick, the Whorled Mind","rare","Creature","0.49","0.26","0.35","0.22","0.11","0.02","0.47058823529411764","12500"
"182","U,R,W","4","Zedruu the Greathearted","mythic","Creature","3.99","2.37","3.56","1.42","2.72","1.47","0.9375","12453"
"183","W","2","Light-Paws, Emperor's Voice","rare","Creature","4.49","1.97","3.56","4.67","3.03","0.02","1.1727941176470584","12383"
"184","B,G","4","Hazel of the Rootbloom","mythic","Creature","3.49","4.07","3.56","3.56","2.24","undefined","0.31111111111111117","12372"
"185","U,R","3","Stella Lee, Wild Card","mythic","Creature","4.99","5.24","5.71","4.26","4.9","undefined","0.9811320754716986","12362"
"186","W","5","Anti-Venom, Horrifying Healer","mythic","Creature","9.49","6.63","9.28","3.59","4.05","0.12","1.0099999999999998","12236"
"187","B,R","5","Judith, Carnage Connoisseur","rare","Creature","0.49","0.34","0.54","0.34","0.29","0.02","0.6216216216216216","12168"
"188","B","4","Sheoldred, the Apocalypse","mythic","Creature","119.99","77.59","121.43","68","98.19","6.67","2.033163265306124","12107"
"189","R,W,B","4","Celes, Rune Knight","mythic","Creature","0.99","1.87","1.06","0.73","0.27","1.63","0.2909090909090909","12079"
"190","U,R,W","4","Sonic the Hedgehog","mythic","Creature","2.79","3.31","2.85","1.89","2.08","undefined","0.8214285714285714","12015"
"191","U,R","5","Kraum, Ludevic's Opus // Tymna the Weaver","rare","Creature","5.49","7.29","5.71","2.5","6.37","0.62","0.6699999999999996","11946"
"192","W,U,B","4","Varina, Lich Queen","rare","Creature","3.99","3.26","4.28","0.34","2.84","0.26","0.4444444444444444","11946"
"193","G","4","Kona, Rescue Beastie","rare","Creature","1.99","1.11","2.14","0.64","0.9","0.02","0.7095238095238093","11931"
"194","U,R","4","Captain Howler, Sea Scourge","rare","Creature","0.59","0.35","0.54","0.28","0.32","0.02","0.28695652173913044","11886"
"195","W,B,G","4","Thalia and The Gitrog Monster","mythic","Creature","6.99","5.47","6.42","2.73","3.26","0.02","1.0108892921960093","11880"
"196","G,W,U","3","Derevi, Empyrial Tactician","mythic","Creature","7.49","6.13","7.85","2.42","6.71","7.64","1.4210526315789471","11864"
"197","B,R","4","Shadow the Hedgehog","mythic","Creature","6.49","6.96","6.42","3.57","3.56","undefined","1.019230769230769","11861"
"198","B,R,G","3","Indoraptor, the Perfect Hybrid","rare","Creature","20.99","24.87","20.71","15.85","20.17","4.1","0.7222222222222222","11788"
"199","G,W","5","Arahbo, Roar of the World","mythic","Creature","37.99","33.69","35.71","undefined","40.33","0.47","0.7142857142857143","11766"
"200","R,W","3","The Jolly Balloon Man","rare","Creature","0.99","0.57","1.42","0.34","0.54","0.02","0.3924731182795699","11761"
"201","G,U","2","Thrasios, Triton Hero // Tymna the Weaver","rare","Creature","23.99","24.55","24.28","14.85","27.39","3.25","1.343648208469055","11685"
"202","U,R","7","Ovika, Enigma Goliath","rare","Creature","0.49","0.21","0.54","0.22","0.16","0.02","0.47058823529411764","11514"
"203","G,W,U","4","Yuna, Grand Summoner","mythic","Creature","0.99","3.23","1.06","1.16","0.51","1.49","0.3928571428571429","11432"
"204","U,B","5","Umbris, Fear Manifest","mythic","Creature","13.99","12.2","13.57","5.91","7.14","0.17","0.14285714285714285","11430"
"205","U,R","5","Alania, Divergent Storm","rare","Creature","0.49","0.3","0.54","0.14","0.16","0.02","0.2727272727272727","11417"
"206","U,B,R","4","Saruman, the White Hand","mythic","Creature","0.99","0.82","1.06","1.05","0.88","2","0.3008130081300814","11378"
"207","B,G,U","5","Gonti, Canny Acquisitor","mythic","Creature","0.99","1.59","1.06","0.71","0.89","undefined","0.5882352941176471","11374"
"208","U,R,W","4","Sokka, Tenacious Tactician","rare","Creature","0.49","0.55","0.54","0.31","0.29","0.02","undefined","11374"
"209","U,R","3","Veyran, Voice of Duality","mythic","Creature","2.49","1.41","2.49","2.42","2.03","6.18","0.7333333333333336","11341"
"210","U","4","Orvar, the All-Form","mythic","Creature","3.99","3.2","3.56","2.84","3.02","0.17","0.8255813953488372","11338"
"211","B","2","Tinybones, Bauble Burglar","rare","Creature","1.99","1.09","2.14","0.61","0.77","0.02","0.8544303797468354","11152"
"212","B,G","3","Dina, Essence Brewer","mythic","Creature","3.49","2.34","3.21","1.51","1.58","undefined","undefined","11103"
"213","W,U,B,R,G","5","Child of Alara","rare","Creature","0.99","1.88","1.06","0.53","0.32","0.02","1.2299794661190966","11097"
"214","R,W,B","4","Dihada, Binder of Wills","mythic","Planeswalker","12.99","12.93","13.57","11.5","17.66","4.24","0.6785714285714285","11021"
"215","W,U,B,R,G","5","Sliver Overlord","rare","Creature","27.99","30.72","28.57","20.72","21.37","0.02","1.270000000000001","11000"
"216","W,B","4","Silverquill, the Disputant","mythic","Creature","1.79","1.24","1.78","0.8","1.06","0.15","undefined","10925"
"217","G,U","3","Zimone, Infinite Analyst","mythic","Creature","0.99","0.72","1.06","0.42","0.44","undefined","undefined","10846"
"218","B,R,G","6","Ziatora, the Incinerator","mythic","Creature","0.99","0.49","1.06","0.35","0.21","0.02","0.3548387096774194","10817"
"219","B,R","4","Ob Nixilis, Captive Kingpin","mythic","Creature","13.99","15.9","15.71","11.8","18.26","0.02","0.7636363636363633","10728"
"220","W,B","3","Killian, Decisive Mentor","mythic","Creature","0.99","0.77","1.06","0.86","0.46","undefined","undefined","10718"
"221","R,W","5","Lorehold, the Historian","mythic","Creature","1.99","1.34","2.14","1.18","1.66","0.09","undefined","10691"
"222","W,B","3","Clavileño, First of the Blessed","mythic","Creature","0.99","0.72","1.06","0.92","0.67","0.14","0.3559322033898305","10669"
"223","U,R,W","4","Narset, Enlightened Exile","mythic","Creature","5.99","7.48","6.42","7.88","8.26","0.02","0.78125","10494"
"224","W,U","4","Niko, Light of Hope","mythic","Creature","0.99","0.37","1.06","0.55","0.46","0.02","0.2584269662921349","10458"
"225","B,R","4","Rakdos, Lord of Riots","mythic","Creature","2.29","0.76","1.78","0.95","0.99","0.02","0.4550264550264551","10451"
"226","W,U,B,R,G","5","Infinite Guideline Station","rare","Artifact","0.49","0.25","0.54","0.18","0.19","0.02","0.21428571428571427","10435"
"227","W,B","3","Ketramose, the New Dawn","mythic","Creature","4.99","2.9","5.71","4.39","4.47","0.83","0.8461538461538461","10424"
"228","U,R","7","Prismari, the Inspiration","mythic","Creature","4.99","3.4","4.99","2.94","4.23","0.18","undefined","10413"
"229","R","4","Ojer Axonil, Deepest Might","mythic","Creature","29.99","21.25","28.57","21.8","25.22","0.49","0.7322834645669294","10405"
"230","G,U","4","Volo, Guide to Monsters","rare","Creature","0.49","0.35","0.54","0.4","0.54","0.02","0.45454545454545453","10357"
"231","G,W","4","Trostani, Selesnya's Voice","mythic","Creature","1.99","1.24","2.14","1.03","1.3","0.02","0.1523809523809524","10331"
"232","W,U","5","Kastral, the Windcrested","rare","Creature","0.99","0.36","1.06","0.23","0.34","0.02","0.35","10304"
"233","G,U,R","4","Saheeli, Radiant Creator","mythic","Creature","0.99","0.33","0.71","0.2","0.17","undefined","0.3629032258064517","10265"
"234","W,U,B","3","Raffine, Scheming Seer","mythic","Creature","5.99","3.37","4.99","3.62","5.11","0.09","0.3559322033898305","10220"
"235","U,B,R,G","4","Yidris, Maelstrom Wielder","mythic","Creature","9.99","9.93","10.71","4.68","5.64","0.87","0.5660377358490569","10214"
"236","R,W,B","3","Vihaan, Goldwaker","mythic","Creature","1.99","1.88","2.14","0.4","1.03","3.5","0.07142857142857142","10205"
"237","R","4","Tannuk, Steadfast Second","mythic","Creature","2.49","1.62","2.49","1.55","1.58","0.03","0.6730769230769231","10176"
"238","B,R","2","Gev, Scaled Scorch","rare","Creature","0.99","0.37","1.42","0.3","0.46","0.02","0.25","10166"
"239","B,R,G","5","Lord Windgrace","mythic","Planeswalker","13.99","15.79","12.85","11.83","14.35","2.67","0.7058823529411765","10114"
"240","B,G","5","The Gitrog Monster","mythic","Creature","1.49","0.39","1.42","1.11","0.75","0.02","0.8834355828220859","10073"
"241","R","5","Okaun, Eye of Chaos // Zndrsplt, Eye of Wisdom","rare","Creature","5.99","3.48","4.99","3.78","4.51","1.38","0.07142857142857142","10061"
"242","G,W,U","3","Katara, the Fearless","rare","Creature","0.59","0.63","0.54","0.37","0.4","0.02","undefined","10047"
"243","W,B,G","5","Betor, Kin to All","mythic","Creature","7.99","6.21","7.85","4.23","6.37","0.06","0.49549549549549504","10007"
"244","U,R","4","Bria, Riptide Rogue","mythic","Creature","37.99","26.94","39.28","20.68","29.03","2.36","0.6272727272727276","9965"
"245","U,B,R","4","Doctor Doom, King of Latveria","mythic","Creature","0.99","4.7","1.06","0.98","1.01","1.63","undefined","9940"
"246","R,G,W","4","Jetmir, Nexus of Revels","mythic","Creature","14.99","8.47","14.99","1","12.62","0.02","0.8862275449101796","9899"
"247","G,U","5","Aloy, Savior of Meridian","mythic","Creature","6.49","5.87","6.42","6.57","7.24","undefined","undefined","9873"
"248","U,R,W","4","Shiko and Narset, Unified","mythic","Creature","0.99","0.89","1.06","0.58","0.42","undefined","0.29245283018867924","9816"
"249","B,R,G","3","Eddie Brock","mythic","Creature","2.79","2.16","2.85","1.89","1.8","0.41","0.5523809523809524","9811"
"250","U,B,R","4","Nicol Bolas, the Ravager","mythic","Creature","24.99","18.11","21.42","14.16","17.64","0.02","0.7665198237885462","9766"
"251","R,W","4","Quintorius, History Chaser","mythic","Planeswalker","0.99","0.72","0.71","1","0.51","1.64","undefined","9746"
"252","R,G,W","3","Rocco, Cabaretti Caterer","uncommon","Creature","0.35","0.18","0.35","0.09","0.12","0.03","0.6111111111111112","9736"
"253","G","3","Omnath, Locus of Mana","mythic","Creature","4.49","4.11","4.28","1.38","1.69","0.02","0.4954128440366971","9708"
"254","G,W,U","5","Chulane, Teller of Tales","mythic","Creature","6.49","4.83","6.42","3.64","3.89","0.02","1.2457044673539512","9667"
"255","W,U,B,R,G","4","Leonardo, the Balance // Michelangelo, the Heart","mythic","Creature","0.99","1.62","1.06","0.49","0.36","2","undefined","9607"
"256","W,B","5","Shilgengar, Sire of Famine","rare","Creature","0.49","0.38","0.54","0.25","0.23","0.02","0.9473684210526315","9601"
"257","R,G,W","4","Shalai and Hallar","mythic","Creature","7.99","6.78","8.57","3.94","7.6","4.01","0.3551401869158877","9580"
"258","G,W","2","Kudo, King Among Bears","rare","Creature","0.49","0.4","0.54","0.24","0.19","0.02","0.5468750000000004","9467"
"259","R,G","5","Roxanne, Starfall Savant","rare","Creature","1.29","0.73","1.06","0.5","0.88","0.02","0.475","9464"
"260","B,G","2","Dina, Soul Steeper","uncommon","Creature","0.35","0.22","0.35","0.14","0.11","0.03","0.39805825242718446","9452"
"261","W,U,B,R,G","4","Jodah, Archmage Eternal","rare","Creature","0.59","0.86","0.54","0.33","0.33","0.02","1.0105820105820102","9441"
"262","B,G","2","Skullbriar, the Walking Grave","rare","Creature","0.99","1.64","1.42","0.43","0.59","0.02","0.3157894736842105","9427"
"263","W,U,B","4","Queza, Augur of Agonies","uncommon","Creature","0.35","0.25","0.35","0.19","0.14","0.03","0.5303030303030303","9397"
"264","G,U","5","Tatyova, Benthic Druid","uncommon","Creature","0.35","0.18","0.35","0.12","0.11","0.03","0.8244047619047619","9386"
"265","R","3","Kratos, God of War","mythic","Creature","57.99","50.43","53.57","31.6","29.84","undefined","undefined","9375"
"266","U,R","5","Iron Man, Titan of Innovation","mythic","Creature","9.99","10.32","9.99","8.03","7.49","2.6","1.1428571428571432","9364"
"267","U,B","3","Mirko, Obsessive Theorist","mythic","Creature","0.99","0.38","1.06","0.62","0.53","1.64","0.6470588235294118","9322"
"268","B,R","3","Rowan, Scion of War","mythic","Creature","0.99","0.46","1.06","0.52","0.55","0.02","0.43212669683257926","9310"
"269","B,G","3","The Mycotyrant","mythic","Creature","1.49","1.3","1.42","0.96","1.19","0.02","0.2711864406779661","9260"
"270","B,G,U","5","Thranduil, the Elvenking","rare","Creature","0.49","0.66","0.54","0.55","0.78","0.02","undefined","9249"
"271","R,G,W","3","Hazezon, Shaper of Sand","rare","Creature","0.49","0.21","0.54","0.21","0.22","0.34","0.5294117647058824","9237"
"272","W,B,G","4","Tayam, Luminous Enigma","mythic","Creature","0.99","3.18","1.06","1.38","2.6","1.43","0.15789473684210525","9235"
"273","W,U,B,R,G","10","Reaper King","rare","Creature","9.99","10.34","9.28","4.76","6.08","0.02","0.9047619047619048","9217"
"274","G,W,U","4","Brenard, Ginger Sculptor","mythic","Creature","2.79","1.11","2.49","1.54","2.1","0.24","0.13333333333333333","9207"
"275","U,B","5","Phenax, God of Deception","mythic","Creature","18.99","13.87","17.85","9.28","11.01","0.02","0.7118644067796608","9205"
"276","B,G,U","5","Indominus Rex, Alpha","rare","Creature","37.99","30.32","39.28","18.07","25.14","4.5","0.7307692307692307","9186"
"277","R,G","3","Tannuk, Memorial Ensign","uncommon","Creature","1.49","0.52","1.42","0.74","0.79","0.03","0.3076923076923077","9170"
"278","U,R,W","3","Elsha, Threefold Master","mythic","Creature","0.99","1.01","0.71","0.64","0.31","undefined","0.20175438596491235","9159"
"279","G","6","Gargos, Vicious Watcher","rare","Creature","1.79","1.14","1.78","1.31","1.33","0.02","0.4693877551020409","9105"
"280","W,U,B","4","Noctis, Prince of Lucis","rare","Creature","0.49","0.35","0.54","0.21","0.25","0.02","0.4954954954954955","9093"
"281","R","0","Rograkh, Son of Rohgahh // Thrasios, Triton Hero","uncommon","Creature","2.29","2.83","2.14","2.01","2.5","4.47","0.6612021857923498","9082"
"282","R,W,B","6","Syr Gwyn, Hero of Ashvale","mythic","Creature","1.49","2.85","1.42","3.19","3.24","0.02","0.2857142857142857","9078"
"283","W,B","3","Athreos, God of Passage","mythic","Creature","14.99","14.18","14.28","9.98","11.71","0.02","0.5923913043478264","9076"
"284","B,R,G","4","Coram, the Undertaker","mythic","Creature","0.99","0.31","0.71","0.19","0.16","0.02","0.45454545454545453","9070"
"285","U,B","5","Marvo, Deep Operative","mythic","Creature","1.49","0.62","1.42","0.75","0.44","2","0.13333333333333333","9060"
"286","G,W","2","Finneas, Ace Archer","rare","Creature","0.49","0.35","0.54","0.22","0.29","0.02","0.42857142857142855","9054"
"287","R","1","Norin the Wary","rare","Creature","17.99","15.57","17.14","6.43","9.11","0.02","0.8","9053"
"288","B,R","3","The Infamous Cruelclaw","mythic","Creature","1.79","1.29","1.42","1.1","1.81","0.02","0.7142857142857143","9051"
"289","U,B","7","Toxrill, the Corrosive","mythic","Creature","17.99","14.49","17.85","15","18.03","0.02","2.1939501779359465","8989"
"290","W,U,B","5","Arna Kennerüd, Skycaptain","mythic","Creature","0.99","0.4","1.06","0.43","0.31","0.02","0.42105263157894735","8976"
"291","R,G","4","Raggadragga, Goreguts Boss","rare","Creature","0.49","0.23","0.54","0.17","0.23","undefined","0.25","8966"
"292","R,G","4","Minsc & Boo, Timeless Heroes","mythic","Planeswalker","2.79","1.73","2.85","2.57","2.79","3.89","0.5403225806451613","8964"
"293","R,G,W","3","Dogmeat, Ever Loyal","mythic","Creature","0.99","0.69","1.06","3.1","0.64","undefined","0.7692307692307693","8940"
"294","R","4","Alexios, Deimos of Kosmos","uncommon","Creature","0.69","0.37","0.54","0.18","0.4","1.03","0.6414141414141418","8929"
"295","R","0","Rograkh, Son of Rohgahh // Silas Renn, Seeker Adept","uncommon","Creature","2.29","2.83","2.14","2.01","2.5","4.47","0.6612021857923498","8923"
"296","G","12","Ghalta, Primal Hunger","rare","Creature","2.29","1.07","2.14","0.76","1","0.02","0.4444444444444443","8915"
"297","W,U,B","3","The Master of Keys","mythic","Creature","0.99","2.31","1.06","0.88","0.63","undefined","0.39814814814814814","8913"
"298","W","4","Myrel, Shield of Argive","mythic","Creature","22.99","17.86","23.57","13.66","17.27","0.09","0.90625","8886"
"299","R,G","7","Omnath, Locus of Rage","mythic","Creature","0.99","0.25","1.06","0.36","0.31","0.02","0.5693641618497113","8864"
"300","W,U,B,R,G","3","Codie, Vociferous Codex","rare","Creature","0.49","0.28","0.35","0.12","0.19","0.02","0.47902869757174393","8856"
"301","U,B,R","3","Goro-Goro and Satoru","mythic","Creature","2.99","2.06","2.85","0.97","1.16","1.75","0.42857142857142855","8848"
"302","G,U,R","4","Kalamax, the Stormsire","mythic","Creature","0.99","0.69","1.06","0.1","0.44","0.45","0.5078651685393264","8831"
"303","B,R,G","3","Slimefoot and Squee","mythic","Creature","3.99","3.92","4.28","2.23","3.2","9","0.7647058823529411","8790"
"304","G,U","4","Adrix and Nev, Twincasters","mythic","Creature","8.49","7.29","8.57","0.59","6.25","2.05","0.6257485029940125","8725"
"305","G","6","Lumra, Bellow of the Woods","mythic","Creature","37.99","25.46","35.71","25.19","32.59","0.17","0.7119565217391307","8719"
"306","U,B,R","4","Obeka, Brute Chronologist","rare","Creature","0.49","0.39","0.54","0.52","0.59","0.52","0.4583333333333333","8712"
"307","B,R,G","4","Winter, Misanthropic Guide","rare","Creature","0.49","0.24","0.35","0.03","0.11","0.02","0.75","8695"
"308","W,B","4","Brimaz, Blight of Oreskos","mythic","Creature","0.99","0.45","1.06","0.54","0.49","2.6","0.47058823529411764","8678"
"309","W,B","2","Elas il-Kor, Sadistic Pilgrim","uncommon","Creature","1.99","0.85","2.14","0.9","1.06","0.03","0.43243243243243246","8671"
"310","U,B,R","4","Kess, Dissident Mage","mythic","Creature","4.49","3.74","4.28","3.03","4.75","0.02","0.554621848739496","8643"
"311","R,G","5","Xenagos, God of Revels","mythic","Creature","16.99","11.14","16.42","7.43","9.05","0.02","0.6452599388379205","8600"
"312","W","3","Ardenn, Intrepid Archaeologist // Rograkh, Son of Rohgahh","uncommon","Creature","5.49","3.18","5.71","3.98","4.31","3.22","0.294736842105263","8546"
"313","W","2","Cloud, Midgar Mercenary","mythic","Creature","32.99","24.2","35.71","22.35","27.65","0.35","0.8513513513513512","8521"
"314","B","3","Braids, Arisen Nightmare","rare","Creature","6.49","4.14","6.42","3.61","5.32","0.02","1.0498561840843723","8470"
"315","U","3","Haldan, Avid Arcanist // Pako, Arcane Retriever","mythic","Creature","0.99","0.71","1.06","1.16","0.78","1.77","0.3","8468"
"316","G,U","3","Clement, the Worrywort","rare","Creature","0.49","0.33","0.54","0.25","0.32","0.02","0.4","8328"
"317","B,R,G","5","Szarel, Genesis Shepherd","mythic","Creature","0.99","0.48","1.06","0.36","0.47","undefined","0.3025210084033615","8315"
"318","B,R","4","Strefan, Maurer Progenitor","mythic","Creature","0.99","0.69","1.06","0.52","0.96","undefined","0.05555555555555555","8276"
"319","R,W,B","4","Neriv, Heart of the Storm","mythic","Creature","2.29","2.35","2.14","1.3","2.09","0.06","0.2169811320754717","8261"
"320","G","3","Marwyn, the Nurturer","rare","Creature","9.99","5.65","9.99","4.16","6.11","0.02","0.545454545454545","8228"
"321","W,B,G","5","Ghave, Guru of Spores","mythic","Creature","0.99","0.56","1.06","0.44","0.52","0.25","0.2857142857142857","8178"
"322","U","2","Vnwxt, Verbose Host","rare","Creature","0.79","0.39","0.71","0.36","0.19","0.02","0.2673267326732673","8157"
"323","B,R,G,W","4","Saskia the Unyielding","mythic","Creature","8.99","8.33","8.57","undefined","9.03","0.27","0.3076923076923077","8138"
"324","B","4","Imotekh the Stormlord","mythic","Creature","11.99","8.59","12.14","4.99","11.07","undefined","0.28333333333333327","8136"
"325","U,B","4","Talion, the Kindly Lord","mythic","Creature","12.99","8.09","12.85","9.84","12.19","0.02","0.720238095238095","8102"
"326","G,U,R","8","Maelstrom Wanderer","rare","Creature","0.49","0.37","0.54","0.43","0.34","1.21","0.64756446991404","8096"
"327","B,G,U","3","Xavier Sal, Infested Captain","rare","Creature","1.49","1.24","1.06","0.95","0.59","0.18","0.25","8036"
"328","W,U,B","5","Sen Triplets","mythic","Creature","7.99","8.4","7.14","3.33","5.09","0.02","2.043367346938774","8033"
"329","G,W,U","3","Tuvasa the Sunlit","mythic","Creature","2.99","3.77","3.21","3.45","4.81","6.59","0.09090909090909091","8026"
"330","W","5","Elesh Norn, Mother of Machines","mythic","Creature","34.99","23.69","35.71","20.24","20.15","0.02","1.7605442176870754","8021"
"331","B,G","3","Grist, the Hunger Tide","mythic","Planeswalker","0.99","0.4","1.06","0.6","0.36","0.4","0.38219895287958117","8019"
"332","G,W,U","3","Kellan, the Kid","mythic","Creature","3.49","1.5","2.85","0.89","1.05","0.02","0.6875","8010"
"333","W,B","4","Squall, SeeD Mercenary","rare","Creature","1.99","1.15","1.78","0.54","0.9","0.02","0.3431372549019608","7986"
"334","G,W,U","3","Morska, Undersea Sleuth","mythic","Creature","0.99","0.41","1.06","0.25","0.31","1.31","0.2631578947368421","7978"
"335","G","2","Bristly Bill, Spine Sower","mythic","Creature","49.99","37.82","50","23.56","24.13","2.03","0.9581005586592175","7942"
"336","U,R","6","Niv-Mizzet, Visionary","mythic","Creature","8.99","6.65","8.57","5.04","5.89","0.02","0.8873239436619719","7931"
"337","U,B,R","5","Mishra, Eminent One","mythic","Creature","0.99","0.5","1.06","0.43","0.33","0.53","0.4","7921"
"338","B","5","Shirei, Shizo's Caretaker","uncommon","Creature","0.35","0.25","0.35","0.1","0.13","0.02","0.65","7887"
"339","W,B,G","7","Myrkul, Lord of Bones","rare","Creature","0.49","0.28","0.35","0.21","0.23","1.76","0.4","7883"
"340","G,W","4","Ellivere of the Wild Court","mythic","Creature","0.99","0.42","1.06","0.44","0.33","2.2","0.3559322033898305","7860"
"341","G,U","7","Koma, Cosmos Serpent","mythic","Creature","6.49","5.97","6.42","3.84","5.11","0.02","1.5194109772423032","7848"
"342","W,B","3","Zoraline, Cosmos Caller","rare","Creature","0.49","0.3","0.54","0.24","0.21","0.02","0.23809523809523808","7830"
"343","B,R","6","Ozai, the Phoenix King","mythic","Creature","4.99","3.8","4.28","3.49","4.47","0.02","undefined","7826"
"344","B,G,U","4","Sidisi, Brood Tyrant","rare","Creature","1.79","1.27","1.78","0.55","0.74","0.02","0.368421052631579","7811"
"345","G,W","3","Gluntch, the Bestower","rare","Creature","0.79","0.38","1.06","0.35","0.4","undefined","0.2543859649122806","7809"
"346","U,B,R","5","Admiral Brass, Unsinkable","mythic","Creature","0.99","0.26","0.71","0.22","0.19","0.02","0.375","7809"
"347","U,B","4","Gisa and Geralf","rare","Creature","0.79","0.3","0.71","0.26","0.16","0.02","0.26213592233009714","7800"
"348","B,G","5","The Gitrog, Ravenous Ride","mythic","Creature","6.99","4.4","6.42","1.72","4.61","0.02","0.5217391304347826","7795"
"349","B,G,U","4","Kadena, Slinking Sorcerer","mythic","Creature","0.99","0.44","1.06","0.29","0.22","3.84","0.4090909090909091","7781"
"350","W,B","3","Breena, the Demagogue","mythic","Creature","1.79","0.84","1.78","1.06","1.11","3.18","0.44919786096256686","7772"
"351","B,G","3","Sméagol, Helpful Guide","rare","Creature","0.59","0.38","0.54","0.32","0.34","0.02","0.8571428571428571","7743"
"352","","5","Ultima, Origin of Oblivion","rare","Creature","0.69","1.32","0.71","0.7","0.84","0.02","0.5981308411214953","7732"
"353","R,G,W","8","Yuma, Proud Protector","mythic","Creature","0.99","0.4","0.71","0.38","0.5","11","0.4166666666666667","7725"
"354","G","4","The Unbeatable Squirrel Girl","rare","Creature","2.29","2.48","2.49","2.78","2.9","0.02","undefined","7716"
"355","G,W","4","Lathiel, the Bounteous Dawn","rare","Creature","1.49","0.82","1.78","0.17","0.34","0.02","0.25000000000000006","7709"
"356","R,W,B","4","Extus, Oriq Overlord","mythic","Creature","0.99","0.57","1.06","0.82","0.59","0.02","0.15","7697"
"357","R,G,W","4","Tifa, Martial Artist","mythic","Creature","0.99","3.14","1.06","1.08","0.54","1.46","0.5603448275862069","7670"
"358","B,R","4","Kardur, Doomscourge","uncommon","Creature","1.49","0.45","1.42","0.56","0.7","0.03","0.5718562874251495","7658"
"359","W,B,G","5","Nethroi, Apex of Death","mythic","Creature","2.99","2.53","2.49","1.27","1.9","0.02","0.5","7613"
"360","U,B,R","4","Lynde, Cheerful Tormentor","mythic","Creature","1.79","1.26","1.78","0.85","1.1","0.13","0.2","7589"
"361","U,R,W","4","Commodore Guff","mythic","Planeswalker","1.49","4.82","1.42","0.63","2.6","undefined","0.6","7583"
"362","G,U,R","1","Bruce Banner","mythic","Creature","4.99","4.61","4.99","3.56","2.84","0.19","undefined","7552"
"363","U","3","Bruvac the Grandiloquent","mythic","Creature","49.99","42.42","50","31.5","41.62","0.02","1.3883495145631068","7530"
"364","G,W","4","Sigarda, Font of Blessings","rare","Creature","5.99","4.99","6.42","2.34","3.31","0.02","0.5585585585585585","7519"
"365","B,R,G","6","Thantis, the Warweaver","mythic","Creature","0.99","0.54","1.06","0.55","0.59","2.98","0.2","7507"
"366","B,R","5","The Lord of Pain","mythic","Creature","11.99","10.45","11.42","7.55","8.13","2","0.9731182795698923","7483"
"367","G","2","Ayula, Queen Among Bears","rare","Creature","4.99","5.83","4.99","0.3","1.21","0.02","0.1875","7445"
"368","B,R","3","Evereth, Viceroy of Plunder","rare","Creature","5.49","3.43","5.71","2.78","3.07","undefined","0.44047619047619047","7436"
"369","G,U","4","Ezuri, Claw of Progress","mythic","Creature","4.49","2.02","4.28","0.42","1.6","0.02","0.7368421052631579","7434"
"370","R,G","5","Slinza, the Spiked Stampede","rare","Creature","0.69","0.4","0.71","0.64","0.64","undefined","0.2551020408163265","7433"
"371","B,R,G","4","The Beamtown Bullies","mythic","Creature","0.99","0.45","0.71","0.42","0.42","2.02","1.0917030567685606","7405"
"372","W,B,G","3","Bilbo, Birthday Celebrant","rare","Creature","0.49","0.37","0.54","0.39","0.27","1.28","0.15789473684210525","7404"
"373","U,R,W","3","Pramikon, Sky Rampart","mythic","Creature","4.49","3.01","3.56","1.46","4","1.78","0.6250000000000002","7383"
"374","G,U","5","Kiora, Sovereign of the Deep","mythic","Creature","2.29","2.48","2.49","1.25","2.02","0.02","0.3333333333333333","7364"
"375","G","3","Azusa, Lost but Seeking","rare","Creature","15.99","12.09","14.99","5","9.15","0.02","0.9081967213114753","7355"
"376","U,R","2","Tony Stark","mythic","Creature","5.49","4.49","5.71","4.96","4.01","0.12","undefined","7351"
"377","R","6","Clive, Ifrit's Dominant","mythic","Creature","5.49","3.3","6.42","2.98","3.06","0.02","0.26804123711340205","7330"
"378","R,G","7","Raph & Mikey, Troublemakers","rare","Creature","4.49","2.9","4.28","1.63","2.62","0.3","undefined","7297"
"379","B","3","Ayara, First of Locthwain","rare","Creature","10.99","9.1","10.71","5.79","9.8","0.02","0.40540540540540543","7283"
"380","B,R","3","Laughing Jasper Flint","rare","Creature","0.99","0.36","1.06","0.36","0.32","0.02","0.5412844036697251","7264"
"381","R,W,B","3","Zurgo, Thunder's Decree","rare","Creature","0.49","0.4","0.54","0.32","0.28","0.02","0.17346938775510207","7251"
"382","W,U","7","Millicent, Restless Revenant","mythic","Creature","0.99","0.43","1.06","0.34","0.44","undefined","0.25","7208"
"383","W,B","3","Ardbert, Warrior of Darkness","rare","Creature","0.49","0.33","0.54","0.36","0.18","1.72","0.4205607476635514","7207"
"384","G,U","4","Grolnok, the Omnivore","rare","Creature","0.79","0.48","0.71","0.2","0.3","0.02","0.47368421052631576","7202"
"385","R,W","3","Mabel, Heir to Cragflame","rare","Creature","0.49","0.34","0.54","0.28","0.37","0.02","0.19047619047619047","7198"
"386","B,G","4","Winter, Cynical Opportunist","mythic","Creature","0.99","0.37","0.71","0.54","0.32","2","0.2708333333333334","7194"
"387","G,W","3","Jasmine Boreal of the Seven","uncommon","Creature","0.39","0.33","0.35","0.09","0.18","0.23","0.06666666666666667","7175"
"388","U,R","4","Jhoira, Weatherlight Captain","rare","Creature","0.79","0.48","0.71","0.66","0.58","0.02","0.7183098591549292","7173"
"389","B","4","Yawgmoth, Thran Physician","mythic","Creature","29.99","23.53","27.85","26.99","31.54","0.99","1.1506024096385539","7172"
"390","B,R,G","5","Maarika, Brutal Gladiator","rare","Creature","2.99","2.36","3.21","0.7","1.45","0.37","0.375","7159"
"391","U,B","4","Anowon, the Ruin Thief","mythic","Creature","0.99","0.44","1.06","1.76","0.93","4.2","0.2222222222222222","7109"
"392","W,U,B,R,G","4","Hei Bai, Forest Guardian","mythic","Creature","9.99","6.93","10.71","11.36","8.59","3.52","undefined","7069"
"393","W,U","2","Kwain, Itinerant Meddler","rare","Creature","0.59","0.25","0.71","0.19","0.25","0.99","0.248780487804878","7064"
"394","R,G","4","Chishiro, the Shattered Blade","mythic","Creature","0.99","0.99","1.06","0.19","0.38","6.66","0.39344262295081966","7055"
"395","W,B","6","Astarion, the Decadent","rare","Creature","1.29","0.48","1.06","0.87","1.31","undefined","0.36","7054"
"396","B,G","4","Jenova, Ancient Calamity","rare","Creature","0.79","1.06","0.71","1.24","1.34","0.02","0.32558139534883723","7046"
"397","B,G,U","5","The Mimeoplasm","rare","Creature","0.49","0.24","0.54","0.18","0.25","0.02","0.75","7023"
"398","R,G,W","5","Duskana, the Rage Mother","mythic","Creature","0.99","0.39","1.06","0.97","0.25","2","0.3157894736842105","6992"
"399","U,R","2","Ral, Monsoon Mage","mythic","Creature","11.99","7.03","12.14","4.48","6.13","0.84","0.5294117647058822","6990"
"400","U,R,W","4","Hinata, Dawn-Crowned","rare","Creature","0.49","0.37","0.54","0.23","0.24","0.01","0.9818181818181818","6981"
"401","B,R,G","4","Ognis, the Dragon's Lash","rare","Creature","0.49","0.26","0.54","0.12","0.22","0.02","0.391304347826087","6973"
"402","U","4","Talrand, Sky Summoner","rare","Creature","1.29","0.41","1.06","0.23","0.32","0.02","0.3785310734463275","6970"
"403","B,R,G","6","Prossh, Skyraider of Kher","mythic","Creature","0.99","0.41","1.06","0.26","0.58","0.17","0.8","6957"
"404","R,G,W","4","Marisi, Breaker of the Coil","mythic","Creature","9.99","7.77","10.71","3.25","9.81","11.16","0.7647058823529413","6952"
"405","B,R","2","Juri, Master of the Revue","uncommon","Creature","0.35","0.25","0.35","0.14","0.14","0.04","0.1853932584269663","6928"
"406","R,G,W","3","Wayta, Trainer Prodigy","mythic","Creature","0.99","0.38","0.71","0.36","0.41","2","0.2","6923"
"407","W,B","4","Elenda, the Dusk Rose","mythic","Creature","9.99","5.62","9.28","5.36","6.87","0.02","0.2831325301204822","6922"
"408","W,B,G","4","Ixhel, Scion of Atraxa","mythic","Creature","0.99","3.18","1.06","1.02","1.99","3.55","0.5944444444444441","6921"
"409","G,W","3","Brigid, Clachan's Heart","rare","Creature","0.79","0.46","0.71","0.45","0.33","0.03","undefined","6866"
"410","R,W","6","Nahiri, Forged in Fury","mythic","Creature","10.99","8.14","9.99","7.82","9.14","0.02","0.4637681159420291","6861"
"411","B","3","Karumonix, the Rat King","rare","Creature","0.99","0.6","1.06","0.34","0.69","0.02","0.6122448979591838","6859"
"412","B,G,U","3","Zimone and Dina","mythic","Creature","0.99","0.52","1.06","0.53","0.33","0.02","0.375","6836"
"413","U,R","6","The Locust God","mythic","Creature","8.99","6.95","8.57","5.06","8.92","0.02","0.8128654970760235","6818"
"414","W,U,B","3","Aminatou, the Fateshifter","mythic","Planeswalker","3.99","2.82","3.21","2.75","4.35","2.22","0.6393442622950821","6813"
"415","R,G","6","Ruric Thar, the Unbowed","rare","Creature","0.99","0.41","0.71","0.35","0.42","0.02","0.7884615384615384","6812"
"416","G,U","2","Ivy, Gleeful Spellthief","rare","Creature","0.49","0.35","0.54","0.27","0.45","0.02","0.571428571428572","6788"
"417","U,R","4","Rootha, Mastering the Moment","mythic","Creature","0.99","0.77","0.71","0.46","0.36","undefined","undefined","6783"
"418","U,B,R","4","Don Andres, the Renegade","mythic","Creature","0.99","0.34","1.06","0.54","0.14","undefined","0.08695652173913043","6776"
"419","W,U","3","Zethi, Arcane Blademaster","rare","Creature","3.49","2.89","4.28","1.06","1.34","0.64","0.4","6770"
"420","U","3","Emry, Lurker of the Loch","rare","Creature","1.49","0.57","1.42","0.86","0.88","1.04","0.47181008902077154","6752"
"421","W,B","3","Kambal, Profiteering Mayor","rare","Creature","7.99","4.69","7.14","4.27","6.15","0.02","0.6016483516483515","6744"
"422","U,R","6","Brudiclad, Telchor Engineer","mythic","Creature","0.69","0.26","0.71","0.25","0.16","0.02","0.36263736263736274","6738"
"423","B,R","3","Magar of the Magic Strings","mythic","Creature","2.29","0.51","2.14","0.42","0.88","undefined","0.631578947368421","6736"
"424","W,B,G","4","Narci, Fable Singer","mythic","Creature","15.99","11.92","16.42","10.68","15.51","11.04","0.3442622950819672","6719"
"425","W,U,B","3","Zur, Eternal Schemer","mythic","Creature","3.99","2.11","3.56","4.06","3.24","0.02","0.6071428571428571","6714"
"426","W,B,G","8","Karador, Ghost Chieftain","rare","Creature","0.69","0.32","0.71","0.27","0.34","0.02","0.2","6712"
"427","G,U,R","4","Eshki Dragonclaw","rare","Creature","0.49","0.22","0.35","0.21","0.23","0.02","0.1616161616161616","6709"
"428","U,B,R","5","Abaddon the Despoiler","mythic","Creature","0.99","2.11","1.06","3.99","1.07","undefined","0.7647058823529411","6707"
"429","R","4","Imodane, the Pyrohammer","rare","Creature","0.49","0.34","0.54","0.18","0.19","0.02","0.14285714285714285","6695"
"430","U,B,R","3","Marchesa, Dealer of Death","rare","Creature","0.49","0.22","0.35","0.17","0.13","0.02","0.1875","6684"
"431","R,W","5","Thorin, King of Durin's Folk","rare","Creature","11.99","7.82","13.57","22.39","9.2","undefined","undefined","6672"
"432","G,W","5","Karametra, God of Harvests","mythic","Creature","4.99","4.86","4.28","2.93","3.2","0.02","0.33870967741935487","6667"
"433","W","3","Delney, Streetwise Lookout","mythic","Creature","44.99","33.96","46.43","26.62","42.78","0.02","0.810810810810811","6653"
"434","U,R","3","Yusri, Fortune's Flame","rare","Creature","0.49","0.24","0.54","0.23","0.17","0.02","0.3888888888888889","6636"
"435","W,B","3","Greasefang, Okiba Boss","rare","Creature","0.49","0.33","0.35","0.26","0.35","0.05","0.55","6617"
"436","B","5","Maha, Its Feathers Night","mythic","Creature","24.99","21.16","25","19","25.06","0.02","1.5785714285714285","6616"
"437","R","5","Jaws, Relentless Predator","mythic","Creature","199.99","175.8","196.44","139.94","222.37","undefined","undefined","6611"
"438","U,R,W","3","Dr. Madison Li","mythic","Creature","0.99","0.33","1.06","0.44","0.34","undefined","0.19047619047619047","6608"
"439","G,W,U","5","Aang, at the Crossroads","rare","Creature","0.59","0.75","0.54","0.55","0.69","0.02","undefined","6559"
"440","G,W,U","2","Peter Parker","mythic","Creature","4.99","4.78","4.99","2.16","2.09","0.71","0.6923076923076922","6550"
"441","U,R,W","4","Aragorn, King of Gondor","mythic","Creature","0.99","0.69","1.06","0.9","0.53","2","0.6263736263736265","6548"
"442","W,B,G","3","Felothar, Dawn of the Abzan","rare","Creature","0.49","0.27","0.35","0.15","0.17","0.02","0.1521739130434783","6527"
"443","W,B","2","Sorin of House Markov","mythic","Creature","4.99","3.82","4.99","3.62","4.38","0.04","0.26","6526"
"444","W,U","4","Heliod, the Radiant Dawn","rare","Creature","2.49","1.62","2.49","1.12","2.1","0.02","0.44761904761904764","6524"
"445","G,U,R","3","Riku of Many Paths","rare","Creature","0.49","0.26","0.35","0.11","0.11","0.02","0.2222222222222222","6485"
"446","B,G,U","6","Tasigur, the Golden Fang","rare","Creature","0.49","0.23","0.35","0.02","0.18","0.02","0.16666666666666666","6472"
"447","G,W,U","5","Mr. Foxglove","mythic","Creature","0.99","0.35","0.71","0.75","0.46","2","0.21428571428571427","6443"
"448","B,G,U","7","Sin, Spira's Punishment","rare","Creature","0.49","0.29","0.54","0.26","0.24","0.02","0.627659574468085","6441"
"449","B,G","3","Slimefoot, the Stowaway","uncommon","Creature","0.35","0.25","0.35","0.07","0.12","0.03","0.21568627450980393","6435"
"450","U,R","2","The Emperor of Palamecia","uncommon","Creature","0.69","0.29","0.54","0.14","0.14","0.04","0.4791666666666667","6405"
"451","","5","Karn, Legacy Reforged","mythic","Creature","17.99","19.32","18.57","0.39","13.85","0.02","0.4973821989528795","6403"
"452","R,W","4","Nelly Borca, Impulsive Accuser","mythic","Creature","0.99","0.51","1.06","0.38","0.45","2.18","0.6956521739130433","6403"
"453","U","3","Minn, Wily Illusionist","rare","Creature","17.99","9.6","18.57","9.32","12.01","6.42","0.31111111111111117","6395"
"454","B,G,U","5","Teval, Arbiter of Virtue","mythic","Creature","0.99","0.35","1.06","0.47","0.51","0.12","0.4680851063829788","6372"
"455","U,B,R","3","Anhelo, the Painter","mythic","Creature","0.99","0.44","0.71","0.07","0.4","2.07","0.6111111111111112","6359"
"456","G","3","Selvala, Heart of the Wilds","mythic","Creature","6.99","5.33","7.14","3.53","4.09","1.34","0.8288288288288287","6353"
"457","G","5","Aeve, Progenitor Ooze","rare","Creature","0.49","0.36","0.54","0.19","0.14","0.02","0.3888888888888889","6277"
"458","U,R,W","6","Narset, Enlightened Master","mythic","Creature","0.99","0.47","0.71","0.39","0.5","0.02","1.6350806451612903","6262"
"459","W,B","4","Ratadrabik of Urborg","rare","Creature","1.29","0.69","1.42","0.74","1.04","0.02","0.5138121546961323","6246"
"460","B,G,U","4","Nine-Fingers Keene","rare","Creature","0.49","0.31","0.35","0.13","0.2","1.51","0.2631578947368421","6220"
"461","G,U,R","5","Loot, the Pathfinder","mythic","Creature","0.99","0.42","1.06","0.02","0.36","0.02","0.4444444444444444","6219"
"462","R,W,B","3","Kelsien, the Plague","mythic","Creature","0.99","2.52","1.06","1.24","1.37","3.33","0.8","6169"
"463","B","5","Syr Konrad, the Grim","uncommon","Creature","1.79","1.15","1.42","0.49","0.59","0.03","0.929480901077375","6134"
"464","R,G","4","Anzrag, the Quake-Mole","mythic","Creature","8.99","6.45","9.28","2.98","5.11","0.02","0.6037735849056604","6111"
"465","B,G,U","5","Felix Five-Boots","mythic","Creature","4.49","4.64","4.28","0.48","4.43","2.65","0.20588235294117646","6103"
"466","G,U","5","Imoti, Celebrant of Bounty","uncommon","Creature","0.39","0.31","0.35","0.08","0.15","0.04","0.5113636363636362","6028"
"467","B,G","2","Hapatra, Vizier of Poisons","rare","Creature","0.69","0.32","0.71","0.3","0.27","0.02","0.5","6025"
"468","B,G,U","3","Jorn, God of Winter","rare","Creature","0.49","0.29","0.54","0.24","0.29","0.02","0.5","6023"
"469","U,R","5","Magnus the Red","rare","Creature","15.99","11.18","14.28","9.8","13.4","0.75","0.5","6019"
"470","B","4","Massacre Girl, Known Killer","mythic","Creature","1.49","0.59","1.42","1.07","0.89","0.02","0.5392156862745093","6009"
"471","W,U","5","Elminster","mythic","Planeswalker","1.79","1.48","1.42","0.98","1.63","1.01","0.7058823529411765","6003"
"472","B,G","3","Camellia, the Seedmiser","rare","Creature","2.49","2.33","2.49","0.87","1.42","0.02","0.3703703703703704","5998"
"473","B,R,G","6","The Reaper, King No More","mythic","Creature","0.99","0.5","1.06","0.6","0.5","undefined","undefined","5991"
"474","B,R","4","Blim, Comedic Genius","rare","Creature","0.49","0.25","0.35","0.18","0.19","1.16","0.528205128205128","5988"
"475","B","5","Gisa, the Hellraiser","mythic","Creature","8.99","5.62","9.28","5.4","6.98","0.02","0.47311827956989255","5986"
"476","U,B,R","4","Davros, Dalek Creator","mythic","Creature","0.99","0.38","1.06","0.39","0.23","undefined","0.7619047619047619","5977"
"477","W,B","7","Mister Negative","mythic","Creature","1.29","1.24","1.42","1.16","1.35","0.21","0.819047619047619","5974"
"478","U,R,W","5","Arthur, Marigold Knight","mythic","Creature","0.99","0.36","1.06","0.36","0.33","1.42","0.6875","5973"
"479","R,G,W","5","Uril, the Miststalker","mythic","Creature","1.49","1.18","1.42","0.62","0.77","0.02","0.21428571428571427","5969"
"480","G,W","2","Black Panther, Wakandan King","mythic","Creature","3.99","3.77","4.28","3.37","2.83","1.29","0.5964912280701754","5965"
"481","W,U,B,R,G","10","Progenitus","mythic","Creature","1.29","0.88","1.42","0.68","0.88","0.02","0.38271604938271586","5951"
"482","G,U","4","Arixmethes, Slumbering Isle","rare","Creature","1.79","0.59","1.78","0.85","0.59","0.02","0.3155080213903743","5943"
"483","W,B","2","Amalia Benavides Aguirre","rare","Creature","0.69","0.37","0.71","0.42","0.44","0.02","0.31481481481481494","5943"
"484","R,W","3","Anim Pakal, Thousandth Moon","rare","Creature","5.99","4.13","5.71","4.04","4.31","0.02","0.3770949720670393","5929"
"485","G,U,R","3","Averna, the Chaos Bloom","rare","Creature","0.49","0.36","0.54","0.19","0.19","1.04","0.3157894736842105","5921"
"486","B,R","7","Smaug the Impenetrable","rare","Creature","20.99","17.23","22.85","22.55","23.66","undefined","undefined","5921"
"487","U,B","5","Tasha, the Witch Queen","mythic","Planeswalker","7.49","6.24","7.85","6.88","4.81","10.32","0.4864864864864865","5900"
"488","G,W","6","Hamza, Guardian of Arashin","uncommon","Creature","0.59","0.3","0.54","0.14","0.19","0.04","0.28571428571428575","5895"
"489","W,B","2","Karlov of the Ghost Council","mythic","Creature","12.99","11.33","12.14","10.06","11.8","1.82","0.4","5892"
"490","U,B","3","Runo Stromkirk","rare","Creature","0.49","0.34","0.54","0.28","0.36","0.02","0.2","5881"
"491","U,R","4","Mizzix of the Izmagnus","rare","Creature","0.99","0.81","1.42","0.19","0.51","0.3","0.7727272727272727","5860"
"492","R,G,W","3","Jinnie Fay, Jetmir's Second","rare","Creature","1.49","0.67","1.78","0.02","0.57","0.02","0.22222222222222232","5842"
"493","U","2","Baral, Chief of Compliance","rare","Creature","4.99","3.44","4.99","1.61","2.1","0.02","1.0618421052631553","5835"
"494","R,W","3","General Ferrous Rokiric","rare","Creature","0.79","0.49","0.71","0.46","0.57","0.02","0.06730769230769235","5829"
"495","B,R","3","Rivaz of the Claw","rare","Creature","1.99","1.02","2.14","0.56","0.9","0.02","0.29245283018867935","5822"
"496","R,G","7","Atarka, World Render","rare","Creature","0.69","0.38","0.71","0.4","0.52","0.02","0.4178272980501393","5816"
"497","R,W,B","5","Zurgo Helmsmasher","mythic","Creature","0.99","0.56","0.71","0.24","0.25","0.02","0.2777777777777778","5808"
"498","R,W,B","4","Olivia, Opulent Outlaw","mythic","Creature","6.99","6.45","7.14","3.8","5.05","undefined","0.18571428571428572","5808"
"499","G,U","2","Kenessos, Priest of Thassa","rare","Creature","11.99","7.9","12.14","4.57","10.12","undefined","0.6190476190476191","5803"
"500","R,W,B","3","Alesha, Who Smiles at Death","rare","Creature","0.49","0.21","0.35","0.14","0.18","0.02","0.35","5799"
"501","R,W","4","Bre of Clan Stoutarm","rare","Creature","0.49","0.23","0.35","0.17","0.2","0.03","undefined","5789"
"502","W,U","3","Whtz, the Bibliophile","rare","Creature","undefined","undefined","undefined","undefined","undefined","undefined","undefined","5789"
"503","G,W","2","Emmara, Soul of the Accord","rare","Creature","0.69","0.32","0.54","0.26","0.22","0.02","0.17647058823529413","5775"
"504","B,R","3","The Great Goblin","rare","Creature","0.49","0.64","0.54","0.59","0.5","0.01","undefined","5761"
"505","B,R","3","Anje Falkenrath","mythic","Creature","0.99","0.99","1.06","0.35","1.36","3.38","0.25","5754"
"506","G,W","1","Rhys the Redeemed","rare","Creature","4.49","4.12","4.28","0.97","2.7","0.02","0.3131313131313131","5752"
"507","G","3","Loot, Exuberant Explorer","rare","Creature","3.99","3.35","3.56","2.65","2.55","0.02","0.5909090909090906","5752"
"508","B,G","4","Jarad, Golgari Lich Lord","mythic","Creature","5.49","2.32","5.71","2.86","3.33","0.02","0.2865168539325844","5750"
"509","B,G,U","3","Tatsunari, Toad Rider","rare","Creature","0.49","0.28","0.35","0.15","0.17","0.02","0.05","5748"
"510","W,U,B","6","Saruman of Many Colors","mythic","Creature","0.99","1.23","1.42","0.91","1.05","0.02","0.375","5742"
"511","R","2","Krark, the Thumbless // Sakashima of a Thousand Faces","rare","Creature","2.79","2.24","2.85","1.07","1.55","7.02","0.7070707070707071","5725"
"512","W,U,B","5","Yennett, Cryptic Sovereign","rare","Creature","0.99","0.34","1.06","0.24","0.53","0.58","0.2727272727272727","5718"
"513","W,U,B,R,G","5","Scion of the Ur-Dragon","rare","Creature","8.49","8.12","8.57","3.92","4.59","0.02","0.9186046511627907","5715"
"514","U,R","2","Ashling, Rekindled","rare","Creature","1.29","0.64","1.06","1.22","1.11","0.02","undefined","5680"
"515","R,W","6","Aurelia, the Warleader","mythic","Creature","5.99","5.73","6.42","3.21","4.09","0.02","0.6722222222222223","5674"
"516","R,W,B","3","Altaïr Ibn-La'Ahad","mythic","Creature","2.49","1.38","2.14","0.76","2.17","0.02","0.7777777777777778","5668"
"517","G","5","Beorn the Fierce","mythic","Creature","6.49","5.5","7.14","5.66","6.99","0.08","undefined","5660"
"518","W,U,B","3","Splinter, Radical Rat","rare","Creature","0.49","0.55","0.54","0.63","0.42","0.02","undefined","5656"
"519","U,R","5","The Tenth Doctor // Rose Tyler","mythic","Creature","0.99","0.47","1.06","3.23","0.27","undefined","0.6666666666666666","5646"
"520","U,R,W","2","Gwen Stacy","mythic","Creature","3.49","3.14","3.56","2.03","2.09","0.37","0.3944954128440367","5635"
"521","B,G","2","Aphelia, Viper Whisperer","mythic","Creature","19.99","18.82","20.71","11.9","15.36","3.45","0.5392156862745096","5634"
"522","B,G","3","Baba Lysaga, Night Witch","rare","Creature","0.49","0.28","0.35","0.19","0.2","3.51","0.2","5615"
"523","R,G","3","Owen Grady, Raptor Trainer // Blue, Loyal Raptor","rare","Creature","6.99","7.43","7.14","3.81","7.37","1.08","0.4","5614"
"524","G,W,U","4","Sophia, Dogged Detective","mythic","Creature","0.99","0.34","0.71","0.27","0.23","1.77","0.8571428571428571","5568"
"525","W,U,B,R,G","5","Garth One-Eye","mythic","Creature","0.99","0.38","1.06","0.16","0.19","0.02","0.5","5545"
"526","W,B","5","Eirdu, Carrier of Dawn","mythic","Creature","2.99","2.24","3.21","3.8","2.94","0.02","undefined","5543"
"527","B","4","Gonti, Night Minister","rare","Creature","1.79","0.78","1.78","0.49","0.59","0.02","0.48366013071895436","5535"
"528","B,R","5","Raphael, Fiendish Savior","rare","Creature","0.69","0.34","0.54","0.29","0.42","11.79","0.2807017543859648","5534"
"529","G,W,U","4","Galea, Kindler of Hope","mythic","Creature","0.99","0.68","1.06","0.49","0.58","0.63","0.6","5517"
"530","R,G","4","Toph, Hardheaded Teacher","rare","Creature","0.99","1.01","1.06","0.68","0.58","0.02","undefined","5516"
"531","G,W","5","Kyler, Sigardian Emissary","mythic","Creature","0.99","0.67","1.06","0.59","0.81","undefined","0.34782608695652173","5514"
"532","B,G","5","Zask, Skittering Swarmlord","rare","Creature","27.99","27.68","25","17.45","31.28","undefined","0.6","5504"
"533","W,U,B","4","The Destined Warrior","rare","Creature","2.99","3.89","3.21","3.45","2.69","undefined","undefined","5501"
"534","G","4","Goreclaw, Terror of Qal Sisma","uncommon","Creature","4.49","2.61","4.28","0.51","2.09","0.02","0.27863777089783276","5498"
"535","R,G","3","Faldorn, Dread Wolf Herald","mythic","Creature","3.99","3.43","4.28","0.46","4.64","1.55","0.28971962616822433","5496"
"536","R,W,B","3","Jan Jansen, Chaos Crafter","rare","Creature","0.59","0.28","0.54","0.22","0.3","2.6","0.21739130434782616","5480"
"537","R,W","6","Sami, Wildcat Captain","mythic","Creature","1.49","1.09","1.42","0.77","1.29","0.06","0.580952380952381","5479"
"538","R,G","3","Muerra, Trash Tactician","rare","Creature","0.49","0.29","0.54","0.13","0.23","0.02","0.23529411764705882","5469"
"539","G,U","1","Tamiyo, Inquisitive Student","mythic","Creature","27.99","18.01","28.57","19.75","22.6","14.13","0.3","5467"
"540","G,U","6","Quandrix, the Proof","mythic","Creature","1.99","1.55","2.14","1.38","2.01","0.22","undefined","5459"
"541","R,W","2","Taii Wakeen, Perfect Shot","rare","Creature","0.49","0.26","0.54","0.13","0.14","0.02","0.4444444444444444","5447"
"542","B,R","3","Xantcha, Sleeper Agent","rare","Creature","2.79","1.25","2.85","0.76","1.73","1.64","0.4051724137931034","5440"
"543","U,R","6","Neera, Wild Mage","rare","Creature","0.49","0.26","0.35","0.23","0.21","1.01","0.4666666666666667","5419"
"543","W,B","4","Minthara, Merciless Soul","uncommon","Creature","0.35","0.22","0.35","0.2","0.19","2.64","0.3269230769230769","5419"
"545","R,G,W","2","Miles Morales","mythic","Creature","5.99","4.9","6.42","2.32","2.05","0.14","0.8837209302325579","5409"
"546","R,W,B","6","Megatron, Tyrant","mythic","Creature","1.79","1.85","1.78","0.68","1.28","7.7","0.5833333333333334","5404"
"547","G,W","5","Yuna, Hope of Spira","mythic","Creature","5.99","3.72","5.71","6.13","4.72","0.02","0.5104166666666665","5400"
"548","W,U,B,R,G","6","Karona, False God","rare","Creature","2.79","3.58","2.49","0.86","0.85","0.02","0.21428571428571427","5394"
"549","B,R","2","Grenzo, Dungeon Warden","rare","Creature","0.79","0.38","0.71","0.47","0.36","0.02","0.375","5384"
"550","B","3","Liliana, Heretical Healer","mythic","Creature","5.99","6.95","5.71","2.49","4.06","0.02","0.45454545454545436","5348"
"551","G,U,R","5","Riku of Two Reflections","mythic","Creature","4.99","5.65","4.99","2.64","2.33","0.02","0.4666666666666667","5343"
"552","U,R","3","Ian Malcolm, Chaotician","rare","Creature","5.99","6.45","5.71","3.5","7.37","1.71","0.47058823529411764","5338"
"553","R","5","Slicer, Hired Muscle","mythic","Creature","11.99","7.87","12.14","5.59","7.35","50.55","0.9609929078014184","5333"
"554","B,R","0","Asmoranomardicadaistinaculdacar","rare","Creature","0.49","0.31","0.35","0.3","0.16","0.02","0.29411764705882354","5331"
"555","U,R,W","6","Optimus Prime, Hero","mythic","Creature","10.99","13.34","11.42","2.15","6.14","8.37","0.5","5321"
"556","G,W,U","4","Kros, Defense Contractor","mythic","Creature","0.99","0.41","1.06","0.49","0.34","undefined","0.4444444444444444","5312"
"557","R","4","Solphim, Mayhem Dominus","mythic","Creature","39.99","28.17","39.28","12.98","30.56","0.02","0.6890756302521007","5295"
"558","W,U,B,R,G","1","Nick Fury, Agent of S.H.I.E.L.D.","rare","Creature","0.49","0.28","0.35","0.21","0.11","0.03","undefined","5283"
"559","G,U","3","Kumena, Tyrant of Orazca","mythic","Creature","0.99","0.37","1.06","0.49","0.51","0.02","0.36507936507936506","5282"
"560","G","4","Baru, Wurmspeaker","rare","Creature","1.49","1.52","1.42","0.81","1.08","0.62","0.4","5277"
"561","B,R","5","Rakdos, the Muscle","mythic","Creature","2.49","1.97","2.49","1.66","1.75","0.02","0.35","5276"
"562","R","2","Kediss, Emberclaw Familiar // Malcolm, Keen-Eyed Navigator","uncommon","Creature","8.99","5","9.28","1.79","5.67","2.88","0.5128205128205131","5256"
"563","W","3","Heliod, Sun-Crowned","mythic","Creature","23.99","19.76","23.57","15","17.25","0.14","0.8976608187134502","5250"
"564","B","4","Vincent Valentine","rare","Creature","1.49","1.68","1.42","0.2","1.34","0.02","0.34579439252336447","5220"
"565","","10","Kozilek, the Great Distortion","mythic","Creature","7.49","6.12","7.85","4.32","5.1","0.02","1.3649350649350653","5186"
"566","U,R,W","3","Captain America, Team Leader","mythic","Creature","0.99","3.38","1.06","0.42","0.34","1.68","undefined","5174"
"567","W,B","2","Syr Vondam, Sunstar Exemplar","rare","Creature","0.99","0.38","1.06","0.5","0.61","0.02","0.1869158878504673","5135"
"568","R,G,W","3","Ghired, Mirror of the Wilds","mythic","Creature","0.99","0.36","1.06","0.49","0.42","0.02","0.35","5111"
"569","U,R,W","5","Liberty Prime, Recharged","mythic","Creature","0.99","0.34","1.06","0.56","0.34","1.18","0.2222222222222222","5104"
"570","W,U","5","The Council of Four","rare","Creature","1.49","1.41","1.42","0.57","2","9.54","0.49238578680203043","5102"
"571","W,B","4","King of the Oathbreakers","rare","Creature","0.49","0.34","0.54","0.19","0.22","0.02","0.6666666666666666","5092"
"572","B,G","4","Savra, Queen of the Golgari","rare","Creature","2.99","3.45","2.85","1.23","1.7","0.02","0.3125","5083"
"573","G,U","2","Lonis, Cryptozoologist","rare","Creature","0.49","0.26","0.54","0.17","0.14","0.02","0.2537313432835821","5078"
"574","W,U,B,R,G","5","Jared Carthalion","mythic","Planeswalker","0.99","1.17","1.42","0.58","0.57","0.81","0.2222222222222222","5069"
"575","R,W","5","Otharri, Suns' Glory","mythic","Creature","8.99","5.86","9.28","5.19","5.82","6.67","0.20192307692307693","5048"
"576","B,R","3","Grub, Storied Matriarch","rare","Creature","0.79","0.34","0.71","0.31","0.51","0.02","undefined","5043"
"577","B","2","Rat King, Verminister","rare","Creature","0.49","0.71","0.54","0.56","0.52","0.02","undefined","5036"
"578","B,R","3","Alesha, Who Laughs at Fate","rare","Creature","3.49","1.76","3.56","0.99","2.42","0.02","0.3015873015873016","5006"
"579","W","4","Odric, Lunarch Marshal","rare","Creature","0.69","0.52","0.71","0.26","0.43","0.02","0.34897360703812325","5005"
"580","W,B,G","5","Vishgraz, the Doomhive","mythic","Creature","2.99","1.43","2.85","0.61","0.84","2.63","0.7222222222222222","5002"
"581","B","2","Tinybones, Trinket Thief","mythic","Creature","18.99","16.22","19.28","7.35","20.49","9.07","1.0952380952380953","4999"
"582","R","9","Herigast, Erupting Nullkite","mythic","Creature","1.29","0.88","1.06","0.96","0.8","0.02","0.2222222222222222","4996"
"583","R,G,W","6","Samut, the Driving Force","rare","Creature","0.49","0.24","0.35","0.08","0.14","0.02","0.19811320754716988","4990"
"584","G,U","3","Galadriel of Lothlórien","rare","Creature","0.69","0.36","0.71","0.44","0.37","0.02","0","4981"
"585","W,U","3","Plagon, Lord of the Beach","rare","Creature","2.79","0.96","3.21","1.9","1.39","8.87","0.27368421052631586","4968"
"586","B,R","5","Silvar, Devourer of the Free // Trynn, Champion of Freedom","mythic","Creature","0.99","1.02","1.06","0.77","0.4","0.78","0.23529411764705882","4964"
"587","G,W","3","Sergeant John Benton","rare","Creature","0.59","1.19","0.71","1.23","1.06","undefined","0.7142857142857143","4962"
"588","G,W,U","4","Rafiq of the Many","rare","Creature","0.49","0.29","0.35","0.17","0.18","0.02","0.4166666666666667","4957"
"589","R,W","4","Osgir, the Reconstructor","mythic","Creature","1.29","0.83","1.06","0.53","1.36","3.79","0","4953"
"590","U,R,W","4","Cayth, Famed Mechanist","mythic","Creature","0.99","0.37","1.06","0.43","0.32","0.02","0.23636363636363636","4949"
"591","R","4","Ashling, Flame Dancer","mythic","Creature","8.49","5.76","9.28","6.41","6.43","0.02","0.4021164021164021","4937"
"592","G","4","Cazur, Ruthless Stalker // Ukkima, Stalking Shadow","mythic","Creature","0.99","0.33","1.06","0.33","0.29","1.2","0.1111111111111111","4903"
"593","U,R,W","5","Elsha of the Infinite","rare","Creature","0.49","0.23","0.54","0.18","0.36","0.19","0.4444444444444444","4899"
"594","B,R","8","Imskir Iron-Eater","rare","Creature","0.49","0.27","0.35","0.19","0.15","0.02","0.18518518518518517","4897"
"595","U","4","Braids, Conjurer Adept","rare","Creature","1.29","0.42","1.06","0.24","0.34","0.02","0.65","4891"
"596","B,R","4","Black Waltz No. 3","uncommon","Creature","0.39","0.34","0.35","0.14","0.19","0.03","0.3473684210526316","4881"
"597","B","3","Vito, Thorn of the Dusk Rose","rare","Creature","12.99","10.26","13.57","6.74","7.28","0.02","0.94831013916501","4878"
"598","W,U","3","Sokrates, Athenian Teacher","rare","Creature","1.49","1.07","1.42","0.5","0.89","0.02","0.6428571428571429","4875"
"599","U,B,R","8","Sauron, Lord of the Rings","mythic","Creature","0.99","0.51","1.06","0.72","0.58","1.75","0.4074074074074074","4861"
"600","W","6","Darien, King of Kjeldor","rare","Creature","1.49","1.12","1.42","0.5","0.5","0.02","0.37681159420289856","4860"
"601","R","4","Purphoros, God of the Forge","mythic","Creature","37.99","28.16","35.71","22.92","30.35","0.02","1.151447661469935","4853"
"602","G","4","Toph, Earthbending Master","mythic","Creature","44.99","38.86","46.43","39.73","47.22","2.95","undefined","4842"
"603","","3","Ultron, Artificial Malevolence","mythic","Creature","11.99","9.88","12.85","9.27","8.14","0.09","undefined","4834"
"604","W,U,B","3","G'raha Tia, Scion Reborn","mythic","Creature","0.99","0.69","0.71","0.49","0.14","1.35","0.32","4808"
"605","B","3","Xu-Ifit, Osteoharmonist","rare","Creature","0.49","0.34","0.54","0.3","0.36","0.02","0.21621621621621626","4808"
"606","B,R","4","Mogis, God of Slaughter","mythic","Creature","6.99","5.58","7.14","3.77","6.11","0.31","0.5176470588235296","4805"
"607","U,R","4","Galazeth Prismari","mythic","Creature","0.99","0.38","0.71","0.43","0.34","0.02","0.13043478260869565","4799"
"608","B","5","Gwenom, Remorseless","mythic","Creature","6.49","4.53","5.71","4.05","3.85","0.09","0.9673913043478263","4781"
"609","U","5","Azami, Lady of Scrolls","rare","Creature","0.99","0.34","1.42","0.29","0.49","0.02","0.5102040816326531","4771"
"610","W,B,G","3","Doran, the Siege Tower","rare","Creature","6.99","8.6","7.14","3.22","4.05","0.02","0.17647058823529413","4758"
"611","B,G","6","Yargle and Multani","rare","Creature","3.49","2.11","3.56","0.73","1.7","0.02","0.20535714285714282","4758"
"612","R,G","2","Agatha of the Vile Cauldron","mythic","Creature","4.49","2.93","4.28","1.62","2.16","0.02","0.5833333333333334","4739"
"613","U,B,R","4","Admiral Beckett Brass","mythic","Creature","0.99","0.36","0.71","0.27","0.34","0.02","0.673469387755102","4732"
"614","W,U,B","3","Noctis, Heir Apparent","rare","Creature","2.99","4.63","3.21","4.01","3.56","undefined","undefined","4725"
"615","W,U","3","Will, Scion of Peace","mythic","Creature","1.29","1.08","1.42","0.76","1","0.02","0.6428571428571429","4712"
"616","U,R,W","5","Gavi, Nest Warden","mythic","Creature","0.99","0.43","0.71","0.18","0.19","1.62","0.24022346368715083","4694"
"617","U","1","Lady Octopus, Inspired Inventor","rare","Creature","0.99","0.7","1.06","0.65","0.57","0.02","0.6296296296296297","4686"
"618","U,R","3","Jhoira of the Ghitu","rare","Creature","0.69","0.29","0.71","0.29","0.34","0.02","0.05","4683"
"619","B,G","7","Beledros Witherbloom","mythic","Creature","2.99","1.33","2.85","1.6","1.39","0.03","0.49382716049382713","4676"
"620","R,G,W","9","Zacama, Primal Calamity","mythic","Creature","2.29","1.6","2.49","1.03","1.13","0.02","0.6489361702127662","4674"
"621","B,R","6","The Master, Multiplied","rare","Creature","8.49","5.81","8.57","4.31","4.55","undefined","0.7545454545454545","4655"
"622","G,W","3","Selvala, Explorer Returned","rare","Creature","0.59","0.27","0.54","0.19","0.18","0.02","0.2651933701657459","4641"
"623","R,G","2","Ruby, Daring Tracker","uncommon","Creature","0.35","0.29","0.35","0.13","0.11","0.03","0.17560975609756097","4629"
"624","G,U","5","Kruphix, God of Horizons","mythic","Creature","3.99","3.27","3.56","1.93","2.89","0.02","0.23636363636363636","4627"
"625","W,U,B","4","Eriette, the Beguiler","rare","Creature","0.49","0.23","0.54","0.2","0.13","0.02","0.7333333333333333","4619"
"626","R","3","Gornog, the Red Reaper","rare","Creature","7.49","3.79","7.85","3.87","4.81","undefined","0.3493975903614458","4610"
"627","U,B,R","4","Zevlor, Elturel Exile","rare","Creature","0.49","0.24","0.35","0.17","0.19","0.14","0.7222222222222222","4592"
"628","G,U","2","Thrasios, Triton Hero // Vial Smasher the Fierce","rare","Creature","23.99","24.55","24.28","14.85","27.39","3.25","1.343648208469055","4591"
"629","W,U,B,R,G","5","Rukarumel, Biologist","mythic","Creature","2.29","1.97","2.14","0.99","1.27","10.04","0.3333333333333333","4576"
"630","W,B","1","Frodo, Sauron's Bane","rare","Creature","0.49","0.32","0.54","0.25","0.26","0.02","0.3390804597701149","4559"
"631","G","4","Dionus, Elvish Archdruid","uncommon","Creature","22.99","16.46","23.57","12.54","15.72","4.25","0.39285714285714285","4557"
"632","B,R,G","5","Vazi, Keen Negotiator","rare","Creature","0.49","0.27","0.35","0.21","0.14","undefined","0.42105263157894735","4548"
"633","W,U,B,R,G","5","Sliver Hivelord","mythic","Creature","19.99","16.59","18.57","10.2","13.16","0.02","1.3638059701492526","4542"
"634","U,R,W","3","Tetzin, Gnome Champion","rare","Creature","0.49","0.27","0.54","0.21","0.25","0.28","0.35294117647058826","4537"
"635","U,B","5","Grimgrin, Corpse-Born","mythic","Creature","2.49","2.03","2.85","1.23","1","0.02","0.2","4515"
"636","G,W,U","4","Falco Spara, Pactweaver","mythic","Creature","2.99","2.82","3.56","2.59","3.15","0.02","0.05263157894736842","4510"
"637","B,G","2","Belbe, Corrupted Observer","rare","Creature","0.69","0.36","0.71","0.19","0.29","1.14","0.75","4505"
"638","U,R","10","Eris, Roar of the Storm","mythic","Creature","4.99","4.01","4.99","0.44","2.87","2.75","0.1","4505"
"639","U,R","4","Muddle, the Ever-Changing","mythic","Creature","0.99","0.83","0.71","0.4","0.41","undefined","undefined","4505"
"640","W,U,B,R,G","5","Niv-Mizzet Reborn","mythic","Creature","0.99","0.75","0.71","0.8","0.58","0.02","0.15789473684210525","4493"
"641","W,B","5","Carmen, Cruel Skymarcher","mythic","Creature","1.49","5.56","1.42","1.93","0.86","0.02","0.3224043715846994","4491"
"642","U","3","Leonardo da Vinci","mythic","Creature","1.79","0.72","1.78","1.25","0.78","0.02","0.65","4479"
"643","G,W,U","4","Estrid, the Masked","mythic","Planeswalker","2.49","1.07","2.14","undefined","1.09","1.35","0.35294117647058826","4476"
"644","B","5","Ghoulcaller Gisa","rare","Creature","4.99","4.08","4.99","2.12","4.23","5.11","0.19125683060109305","4465"
"645","U,B,R","5","Edea, Possessed Sorceress","rare","Creature","12.99","9.49","13.57","8.52","10.26","undefined","undefined","4465"
"646","G","6","Vorinclex, Monstrous Raider","mythic","Creature","59.99","32.42","60.71","30","41.24","0.14","1.7843137254901962","4459"
"647","G,W","4","Sovereign Okinec Ahau","mythic","Creature","4.49","3.83","4.28","2.57","4.11","0.02","0.4146341463414634","4444"
"648","B,G,U","4","Archelos, Lagoon Mystic","rare","Creature","0.49","0.29","0.54","0.04","0.19","0.44","0.4375","4432"
"649","R","4","Torbran, Thane of Red Fell","rare","Creature","5.99","5.34","5.71","3.24","2.85","0.02","0.5764705882352945","4429"
"650","R,G","4","Halana and Alena, Partners","rare","Creature","0.79","0.29","0.71","0.57","0.36","0.02","0.2901554404145079","4428"
"651","U,B","3","Emet-Selch, Unsundered","mythic","Creature","2.49","2.22","2.49","2.58","2.84","0.02","0.4225352112676056","4414"
"652","W","5","Abdel Adrian, Gorion's Ward // Candlekeep Sage","uncommon","Creature","0.39","0.22","0.35","0.16","0.24","undefined","0.2621359223300971","4379"
"653","R,W","6","Firesong and Sunspeaker","rare","Creature","0.49","0.3","0.35","0.19","0.18","0.02","0.05555555555555555","4372"
"654","B,G","3","The Serpent Society","rare","Creature","0.49","0.6","0.54","0.83","0.58","0.03","undefined","4366"
"655","G,U","2","Thrasios, Triton Hero // Yoshimaru, Ever Faithful","rare","Creature","23.99","24.55","24.28","14.85","27.39","3.25","1.343648208469055","4365"
"656","B","5","Zenos yae Galvus","rare","Creature","0.49","0.45","0.54","0.2","0.34","0.02","0.6300000000000003","4362"
"657","W,B,G","5","Kathril, Aspect Warper","mythic","Creature","0.99","0.99","1.06","0.14","0.35","2","0.17647058823529413","4356"
"658","B","4","Rev, Tithe Extractor","rare","Creature","34.99","22.68","35.71","21.91","20.85","13.37","0.6742081447963798","4349"
"659","B,R,G","5","Kresh the Bloodbraided","mythic","Creature","2.29","1.41","2.14","0.48","0.58","0.02","0.3","4321"
"660","G,U","2","The Astonishing Ant-Man","rare","Creature","0.49","0.33","0.54","0.36","0.22","0.02","undefined","4316"
"661","U,R","3","River Song","rare","Creature","0.49","0.35","0.35","0.26","0.14","undefined","0.4666666666666667","4314"
"662","G,U,R","4","Rashmi and Ragavan","mythic","Creature","0.99","0.44","1.06","0.36","0.33","0.78","0.65","4313"
"663","W,U","3","Urza, Lord Protector","mythic","Creature","13.99","10.02","12.85","7.46","8.14","0.03","0.5","4302"
"664","W","8","Avacyn, Angel of Hope","mythic","Creature","42.99","30.12","39.28","7.93","25.34","0.03","1.3454790823211884","4299"
"665","W","2","Phelia, Exuberant Shepherd","rare","Creature","8.99","6.35","8.57","6.33","6.95","0.26","0.4708994708994709","4284"
"666","R,W","4","Bruenor Battlehammer","uncommon","Creature","2.49","0.77","2.49","2.32","2.37","0.03","0.17934782608695668","4282"
"667","R,G","5","Bumi, Unleashed","mythic","Creature","5.49","3.75","4.99","4.16","4.57","0.02","undefined","4280"
"668","W,B","3","Teysa, Orzhov Scion","rare","Creature","2.49","1.28","2.49","0.83","1.3","0.02","0.5","4259"
"669","G,W","3","Merry, Warden of Isengard // Pippin, Warden of Isengard","rare","Creature","0.79","0.36","0.71","0.97","0.4","0.86","0.25000000000000006","4258"
"670","G,W","3","Kutzil, Malamet Exemplar","uncommon","Creature","3.49","2.34","3.56","2.62","2.81","0.03","0.6337402885682575","4252"
"671","R","9","Chiss-Goria, Forge Tyrant","mythic","Creature","5.49","2.94","5.71","2.83","4.62","2.89","0.23529411764705882","4230"
"672","U,B,R","5","Evelyn, the Covetous","rare","Creature","0.49","0.28","0.35","0.02","0.16","0.02","0.5333333333333333","4229"
"673","U","3","Namor the Sub-Mariner","mythic","Creature","6.49","4.23","7.14","5","5.46","1.19","undefined","4203"
"674","G,U,R","3","Loot, the Key to Everything","mythic","Creature","0.99","0.41","1.06","0.59","0.41","0.02","1.2222222222222223","4202"
"675","G","3","The Cabbage Merchant","rare","Creature","39.99","28.16","42.85","25.22","31.82","3.05","undefined","4194"
"676","B,G","4","Carth the Lion","rare","Creature","0.49","0.3","0.54","0.22","0.17","0.02","0.6875","4177"
"677","U,R,W","6","Kasla, the Broken Halo","mythic","Creature","0.99","0.32","0.71","0.26","0.29","0.96","0","4177"
"678","W,U,B,R,G","5","Heroes in a Half Shell","mythic","Creature","0.99","1.6","1.06","0.67","0.34","2","undefined","4159"
"679","","10","The Capitoline Triad","mythic","Creature","3.49","2.38","3.56","3.11","3.24","0.02","0.4254143646408839","4132"
"680","B","9","Valgavoth, Terror Eater","mythic","Creature","23.99","16.49","23.57","14.24","20.16","0.09","1.2400000000000009","4129"
"681","G,W","3","T'Challa, the Black Panther","mythic","Creature","0.99","2.97","1.06","0.27","0.34","1.35","undefined","4102"
"682","R,G","5","Zilortha, Strength Incarnate","rare","Creature","0.69","0.46","0.71","0.36","0.36","0.13","0.2","4098"
"683","U","5","The Watcher in the Water","mythic","Creature","2.99","2.5","2.85","1.65","2.09","0.02","0.2631578947368421","4090"
"684","G,U","4","Zimone, Paradox Sculptor","mythic","Creature","4.99","2.88","4.99","1.78","3.86","0.02","0.38749999999999996","4075"
"685","G,U","6","Bonny Pall, Clearcutter","rare","Creature","0.79","0.39","0.71","0.39","0.58","0.02","0.25217391304347825","4074"
"686","G,U,R","5","Illuna, Apex of Wishes","mythic","Creature","0.99","0.49","1.06","0.29","0.29","0.02","0.2","4048"
"687","G,U","5","Sab-Sunen, Luxa Embodied","mythic","Creature","3.49","1.94","3.21","1.71","1.85","0.02","0.27586206896551724","4048"
"688","R,W,B","5","Malik, Grim Manipulator","mythic","Creature","9.49","5.35","9.28","4.33","6.99","0.02","0.5460674157303365","4047"
"689","R,W","2","Kolodin, Triumph Caster","rare","Creature","0.49","0.14","0.35","0.05","0.12","0.02","0.17441860465116282","4046"
"690","B,G,U","4","The Master, Transcendent","mythic","Creature","0.99","0.98","1.06","0.44","0.42","2.02","0.6666666666666666","4044"
"691","U,R,W","4","Gandalf, Party Guest","rare","Creature","2.49","2.32","2.85","3.9","2.94","undefined","undefined","4038"
"692","G","4","Oviya, Automech Artisan","rare","Creature","1.49","0.99","1.78","0.39","0.6","0.02","0.24576271186440704","4026"
"693","R","4","Urabrask","mythic","Creature","24.99","16.91","28.57","10","19.25","0.02","0.5272727272727268","4021"
"694","R","5","Neheb, the Eternal","mythic","Creature","10.99","7.26","11.42","4.97","5.54","0.02","0.4901960784313725","4017"
"695","R,G,W","3","Mayael the Anima","mythic","Creature","1.49","1.7","1.42","0.66","0.8","0.02","0.5","4016"
"696","R","4","Knuckles the Echidna","mythic","Creature","24.99","22.06","26.42","18.38","15.16","undefined","1.2391304347826089","4015"
"697","U,R","2","Bjorna, Nightfall Alchemist // Wernog, Rider's Chaplain","rare","Creature","0.99","0.37","0.71","0.25","0.25","1.61","0.3333333333333333","4014"
"698","R,G,W,U","3","Crystal, Inhuman Princess","rare","Creature","0.99","0.56","1.06","0.74","6.14","0.62","undefined","4000"
"699","B,R,G","6","Vaevictis Asmadi, the Dire","mythic","Creature","1.49","1.85","1.42","0.7","1.56","0.02","0.6818181818181818","3989"
"700","R","4","Breeches, Brazen Plunderer // Malcolm, Keen-Eyed Navigator","uncommon","Creature","0.35","0.21","0.35","0.14","0.18","0.04","0.22580645161290314","3981"
"701","","8","Graaz, Unstoppable Juggernaut","rare","Creature","0.49","0.3","0.35","0.14","0.24","0.02","0.4","3981"
"702","R","2","Ellie, Brick Master // Joel, Resolute Survivor","mythic","Creature","10.99","8.04","11.42","16.8","10.8","undefined","undefined","3981"
"703","W","4","Elesh Norn","mythic","Creature","10.99","7.68","11.42","6.5","6.13","0.02","0.7222222222222222","3977"
"704","G,W","3","Cadira, Caller of the Small","uncommon","Creature","0.59","0.2","0.54","0.16","0.23","3.19","0.17094017094017094","3965"
"705","W,U","4","Kykar, Zephyr Awakener","rare","Creature","0.49","0.33","0.54","0.28","0.21","0.02","0.3548387096774194","3964"
"706","W,U,B,R,G","5","Niv-Mizzet, Guildpact","rare","Creature","0.49","0.29","0.35","0.13","0.17","0.02","0.631578947368421","3961"
"707","B,G,U","5","Volrath, the Shapestealer","mythic","Creature","0.99","0.65","1.06","0.4","0.71","1.21","0.5","3941"
"708","R,G","5","The Howling Abomination","rare","Creature","0.49","0.34","0.54","0.32","0.34","0.32","0.2","3939"
"709","R","4","Brallin, Skyshark Rider // Shabraz, the Skyshark","mythic","Creature","2.99","9.24","3.21","5.07","6.06","6.17","0.3148148148148149","3938"
"710","B","8","Ardyn, the Usurper","rare","Creature","1.29","0.72","1.42","0.69","0.9","0.02","0.23958333333333334","3936"
"711","U","2","Kami of the Crescent Moon","rare","Creature","13.99","7.62","13.57","4.58","5.63","0.02","0.1711229946524064","3929"
"712","R","6","Lathliss, Dragon Queen","rare","Creature","0.79","0.37","0.71","0.41","0.25","0.02","0.37869822485207083","3916"
"713","R,W","4","Brion Stoutarm","rare","Creature","1.79","0.75","1.78","0.51","0.4","0.02","0.2857142857142857","3914"
"714","U,R","4","Myra the Magnificent","mythic","Creature","0.99","0.34","0.71","0.71","0.54","undefined","0.6666666666666666","3914"
"715","U","5","Jin-Gitaxias","mythic","Creature","19.99","13.06","18.57","10.17","10.69","0.02","0.6542056074766355","3910"
"716","G,W","4","Yenna, Redtooth Regent","rare","Creature","2.49","2.19","2.14","0.26","2.61","0.02","0.23863636363636365","3908"
"717","U,B","3","Araumi of the Dead Tide","uncommon","Creature","0.35","0.27","0.35","0.18","0.19","0.04","0.14285714285714285","3888"
"718","R,G","4","Jolene, the Plunder Queen","rare","Creature","15.99","9.84","14.99","5.5","7.12","2.02","0.3076923076923077","3888"
"719","R","4","Smaug the Magnificent","mythic","Creature","23.99","21.46","26.42","20.03","27.21","0.9","undefined","3867"
"720","W,U,B","4","Kamiz, Obscura Oculus","mythic","Creature","0.99","1.07","1.06","0.12","1.03","2.04","0.3181818181818182","3863"
"721","R,G","4","Yarus, Roar of the Old Gods","rare","Creature","0.49","0.19","0.35","0.14","0.19","0.02","0.17857142857142858","3862"
"722","G,U","6","Esix, Fractal Bloom","mythic","Creature","0.99","0.42","1.06","0.45","0.31","undefined","0.421875","3856"
"723","G,W","2","Garnet, Princess of Alexandria","uncommon","Creature","0.35","0.31","0.35","0.12","0.18","0.03","0.205607476635514","3851"
"724","R,W","3","Iroh, Tea Master","rare","Creature","0.49","0.27","0.35","0.22","0.19","0.02","undefined","3847"
"725","U","10","Octavia, Living Thesis","rare","Creature","0.99","1.16","1.06","0.55","0.59","1.66","0.15789473684210525","3825"
"726","U,B,R","4","Cormela, Glamour Thief","uncommon","Creature","0.35","0.22","0.35","0.06","0.11","0.03","0.375","3825"
"727","U","5","Mm'menon, the Right Hand","rare","Creature","0.49","0.31","0.54","0.32","0.33","0.02","0.519230769230769","3818"
"728","B,G,U","3","Homer, the Hermit","rare","Creature","undefined","undefined","undefined","undefined","undefined","undefined","undefined","3808"
"729","W,U","6","Bard, King of Dale","mythic","Creature","4.99","5.19","4.99","4.84","5.46","0.06","undefined","3806"
"730","W","4","Balan, Wandering Knight","rare","Creature","0.49","0.4","0.54","0.52","0.44","1.2","0.39285714285714285","3804"
"731","G,U","3","Primo, the Unbounded","mythic","Creature","0.99","1.13","1.06","0.45","0.42","undefined","undefined","3788"
"732","W,U,B,R,G","5","General Tazri","mythic","Creature","0.99","0.86","1.06","0.65","0.61","0.02","0.36363636363636365","3786"
"733","G,U","7","Koma, World-Eater","rare","Creature","1.29","0.55","1.06","0.6","0.88","0.02","0.767441860465116","3772"
"734","U,B","5","Hidetsugu and Kairi","rare","Creature","0.49","0.37","0.54","0.19","0.28","0.02","0.29824561403508787","3771"
"735","B,G,U","3","Uugguu, the Omniplasm","rare","Creature","undefined","undefined","undefined","undefined","undefined","undefined","undefined","3768"
"736","B","3","Gix, Yawgmoth Praetor","mythic","Creature","1.79","0.57","1.78","1.36","1.12","0.1","0.5329670329670332","3749"
"737","U,R,W","5","Shiko, Paragon of the Way","mythic","Creature","0.99","0.92","1.06","1.4","0.88","0.02","0.2935779816513762","3732"
"738","B,G,U","6","Otrimi, the Ever-Playful","mythic","Creature","0.99","1.15","1.06","0.15","0.79","2.91","0.06666666666666667","3724"
"739","G","4","Radagast of Rhosgobel","rare","Creature","2.99","3.02","3.56","3.52","3.55","0.01","undefined","3714"
"740","G,U,R","4","Omnath, Locus of the Roil","mythic","Creature","0.99","0.31","1.42","0.58","0.47","0.02","0.4444444444444444","3712"
"741","G,U,R","3","Beluna Grandsquall","mythic","Creature","0.99","0.3","0.71","0.24","0.16","0.02","0","3705"
"742","B","4","Burakos, Party Leader // Folk Hero","mythic","Creature","2.99","1.24","3.21","3.09","1.05","0.71","0.27624309392265173","3690"
"743","R,W","5","Commander Mustard","rare","Creature","1.29","0.82","1.42","0.3","0.38","0.1","0.26666666666666666","3673"
"744","W","3","Adeline, Resplendent Cathar","rare","Creature","5.49","2.36","4.99","3.02","3.32","0.02","0.4350282485875706","3667"
"745","R,G,W","4","Obuun, Mul Daya Ancestor","mythic","Creature","0.99","0.4","1.06","1.08","0.58","2.53","0.22727272727272727","3666"
"746","U,B","6","Gyruda, Doom of Depths","rare","Creature","1.29","0.68","1.42","0.02","0.55","0.02","0.5694444444444444","3663"
"747","B,G","4","Tyvar the Bellicose","mythic","Creature","16.99","13.56","17.85","7.98","11.16","0.02","0.6470588235294118","3659"
"748","U,R","5","Firkraag, Cunning Instigator","mythic","Creature","4.49","5.62","4.99","0.34","5.5","undefined","0.391304347826087","3656"
"749","W,B","4","Orah, Skyclave Hierophant","rare","Creature","0.49","0.29","0.35","0.13","0.12","0.02","0.8125","3637"
"750","R,G","3","Meria, Scholar of Antiquity","rare","Creature","0.49","0.28","0.35","0.02","0.19","0.02","0.4782608695652174","3630"
"751","R","3","Zurzoth, Chaos Rider","rare","Creature","1.49","1.01","1.42","1.06","1.39","1.54","0.21666666666666665","3613"
"752","B,G","5","Mazirek, Kraul Death Priest","rare","Creature","0.69","0.3","0.71","0.42","0.25","0.17","0.35937500000000017","3612"
"753","G,W,U","5","Roon of the Hidden Realm","rare","Creature","0.49","0.33","0.35","0.19","0.18","0.02","0.35119047619047616","3603"
"754","R,W","5","Sephiroth, Fallen Hero","rare","Creature","0.59","0.3","0.54","0.43","0.36","2.28","0.6063829787234044","3603"
"755","R,G,W","3","Marath, Will of the Wild","mythic","Creature","0.99","0.71","1.06","0.92","0.73","0.43","0.47058823529411764","3598"
"756","U,B","2","The Ancient One","mythic","Creature","1.99","1.69","2.14","0.83","1.55","0.03","0.47058823529411764","3594"
"757","R,W","3","Mog, Moogle Warrior","rare","Creature","0.49","0.27","0.54","0.26","0.2","1.29","0.44565217391304346","3593"
"758","R,G","5","Wildsear, Scouring Maw","mythic","Creature","0.99","0.58","1.06","0.84","0.62","2","0.4603174603174603","3589"
"759","G,W,U","4","Phelddagrif","rare","Creature","7.99","9.94","8.57","4.19","4.56","0.03","0.375","3578"
"760","U,R","3","Vadrik, Astral Archmage","rare","Creature","0.49","0.23","0.54","0.14","0.23","0.02","0.6459627329192549","3578"
"761","R,G","5","Nikya of the Old Ways","rare","Creature","0.49","0.35","0.54","0.14","0.19","0.02","0.5","3566"
"762","U,B,R","7","Lord Xander, the Collector","mythic","Creature","1.99","2.69","2.14","1.41","1.83","0.02","1.0815850815850805","3564"
"763","W,U","3","Errant and Giada","rare","Creature","0.49","0.36","0.54","0.3","0.28","0.02","0.25","3557"
"764","R","3","Chandra, Fire of Kaladesh","mythic","Creature","2.29","1.83","2.14","1.22","1.11","0.02","0.375","3553"
"765","U,B,R","3","Nathan Drake, Treasure Hunter","mythic","Creature","6.49","4.6","7.14","4.54","3.77","undefined","undefined","3550"
"766","W,U","6","Bruna, Light of Alabaster","mythic","Creature","0.99","0.42","0.71","0.52","0.59","0.02","0.5555555555555556","3546"
"767","W,B","5","Liesa, Forgotten Archangel","rare","Creature","1.49","0.69","1.42","0.77","1.08","0.02","0.5340909090909085","3542"
"768","B,G","4","Gyome, Master Chef","mythic","Creature","2.29","1.07","2.14","0.97","1.49","1.1","0.2909090909090909","3536"
"769","R,G,W","5","Ghired, Conclave Exile","mythic","Creature","0.99","0.23","0.71","0.21","0.19","3.72","0.26666666666666666","3518"
"770","W,U","4","Ranar the Ever-Watchful","mythic","Creature","0.99","0.38","1.06","0.43","0.54","undefined","0.375","3518"
"771","G,U","3","Edric, Spymaster of Trest","rare","Creature","2.99","1.94","3.21","1.12","2.54","0.02","0.48760330578512395","3517"
"772","B","4","Ashcoat of the Shadow Swarm","mythic","Creature","42.99","39.29","42.85","4.07","37.91","undefined","0.44","3513"
"773","W","3","Arahbo, the First Fang","rare","Creature","1.49","0.97","2.14","0.6","0.84","0.02","0.22018348623853212","3497"
"774","B,G,U","7","Damia, Sage of Stone","mythic","Creature","6.99","5.11","7.14","2.9","4","0.96","0.5","3491"
"775","G,W","2","Samwise Gamgee","rare","Creature","3.99","1.21","4.28","1.38","2.09","0.02","0.23121387283236985","3489"
"776","B,R","4","Chainer, Nightmare Adept","rare","Creature","1.49","0.75","1.78","0.42","0.54","0.02","0.27567567567567575","3470"
"777","R,W","1","Zabaz, the Glimmerwasp","rare","Creature","0.49","0.3","0.35","0.23","0.19","0.02","0.45","3468"
"778","W,U","2","Lavinia, Azorius Renegade","rare","Creature","0.99","0.26","0.71","0.36","0.5","0.12","0.9130434782608695","3456"
"779","B","2","Super Shredder","mythic","Creature","22.99","17.46","22.85","17.02","15.06","1.58","undefined","3441"
"780","U,B","6","Sephiroth, Planet's Heir","mythic","Creature","0.99","0.5","1.06","1","0.64","0.57","0.5529411764705883","3436"
"781","R,G","6","Wort, the Raidmother","rare","Creature","0.49","0.31","0.35","0.15","0.19","0.02","0.2857142857142857","3423"
"782","W","4","Thurid, Mare of Destiny","mythic","Creature","5.99","4.49","6.42","2.89","2.6","2.04","0.11009174311926606","3393"
"783","W,U","3","Tameshi, Reality Architect","rare","Creature","0.59","0.32","0.54","0.28","0.5","0.02","0.14285714285714285","3382"
"784","R","5","Rionya, Fire Dancer","rare","Creature","1.29","0.38","1.42","0.96","0.64","0.82","0.5252525252525253","3363"
"785","B,G","3","Sarulf, Realm Eater","rare","Creature","0.99","0.33","1.06","0.3","0.19","0.02","0.375","3356"
"786","U,R,W","3","Sokka and Suki","rare","Creature","0.99","2.46","1.06","1.82","1.25","1.65","undefined","3351"
"787","W","3","Aerith Gainsborough","rare","Creature","3.49","1.99","3.56","1.6","1.85","0.02","0.3051948051948052","3349"
"788","W,B","5","Shadrix Silverquill","mythic","Creature","0.99","0.34","1.06","0.33","0.42","0.02","0.15178571428571427","3343"
"788","W,B","2","Killian, Ink Duelist","uncommon","Creature","0.35","0.26","0.35","0.21","0.11","0.03","0.390625","3343"
"790","U","3","Sai, Master Thopterist","rare","Creature","0.69","0.33","0.71","0.34","0.41","0.02","0.23743016759776533","3340"
"791","B","7","Phage the Untouchable","mythic","Creature","15.99","11.6","14.28","5.53","7.65","0.02","0.8260869565217391","3339"
"792","U,R,W","4","Gandalf of the Secret Fire","mythic","Creature","2.99","7.16","3.21","1.74","2.48","0.15","0.09523809523809523","3338"
"793","W,B","4","Elenda, Saint of Dusk","rare","Creature","0.49","0.36","0.54","0.35","0.27","0.02","0.1875","3331"
"794","W,U,B","3","The Celestial Toymaker","rare","Creature","39.99","29.24","39.28","29.61","44.18","undefined","0.5333333333333333","3324"
"795","B,R,G","4","Xira, the Golden Sting","rare","Creature","0.49","0.35","0.35","0.29","0.29","0.3","0.3333333333333333","3312"
"796","G,U","5","Círdan the Shipwright","rare","Creature","0.49","0.29","0.54","0.19","0.23","1.01","0.34782608695652173","3309"
"797","R","4","Daretti, Scrap Savant","rare","Planeswalker","1.49","0.82","1.42","0.84","1.1","1.84","0.37362637362637363","3305"
"798","W,U,B,R,G","5","Horde of Notions","rare","Creature","0.49","0.22","0.35","0.18","0.18","0.02","0.29411764705882354","3303"
"799","R,W","3","Joshua, Phoenix's Dominant","rare","Creature","2.29","1.19","2.49","1.08","1.58","0.02","0.26666666666666666","3300"
"800","G","5","Ashaya, Soul of the Wild","mythic","Creature","20.99","16.13","20.71","15.01","19.92","0.02","0.633608815426997","3294"
"801","R,G,W","4","Aragorn, Hornburg Hero","mythic","Creature","2.99","4.16","3.21","2.18","1.71","0.42","0.44","3285"
"802","R,W","3","Three Dog, Galaxy News DJ","rare","Creature","0.49","0.24","0.35","0.22","0.15","0.24","0.5217391304347826","3283"
"803","R,G,W","4","Bright-Palm, Soul Awakener","mythic","Creature","0.99","0.37","0.71","0.34","0.29","4.68","0.6666666666666666","3281"
"804","R,W","5","Zidane, Tantalus Thief","uncommon","Creature","0.35","0.24","0.35","0.07","0.11","0.03","0.4166666666666667","3278"
"805","U,R","3","Aegar, the Freezing Flame","uncommon","Creature","0.35","0.22","0.35","0.06","0.11","0.03","0.2","3277"
"806","B","5","Skithiryx, the Blight Dragon","mythic","Creature","13.99","12.11","12.14","6.86","9.14","0.02","1.1533442088091357","3274"
"807","G","5","Thrun, Breaker of Silence","rare","Creature","0.49","0.36","0.54","0.21","0.21","0.02","0.9285714285714286","3274"
"808","G","4","Ruxa, Patient Professor","rare","Creature","9.49","4.98","9.28","6.22","6.35","1.86","0.29411764705882354","3273"
"809","R,W,B","8","Licia, Sanguine Tribune","mythic","Creature","3.99","5.65","4.28","3.49","4.45","6.17","0.17391304347826086","3269"
"810","U,B","3","Etrata, Deadly Fugitive","mythic","Creature","0.99","0.39","1.06","0.46","0.42","0.02","0.3181818181818182","3268"
"811","R","5","Baeloth Barrityl, Entertainer // Noble Heritage","mythic","Creature","17.99","12.2","17.85","16.44","15.51","undefined","0.48214285714285715","3264"
"812","W,B","2","Abigale, Eloquent First-Year","rare","Creature","0.59","0.29","0.54","0.49","0.42","0.02","undefined","3264"
"813","U","4","Charix, the Raging Isle","rare","Creature","0.99","0.4","1.06","0.25","0.39","0.02","0.24166666666666667","3261"
"814","R,W,B","3","Ghen, Arcanum Weaver","rare","Creature","0.49","0.38","0.54","0.26","0.29","0.8","0.29411764705882354","3260"
"815","U","2","Katara, Waterbending Master","mythic","Creature","14.99","8.06","14.28","14.33","10.12","7.31","undefined","3260"
"816","B,R","5","Smaug, Wicked Worm","rare","Creature","1.29","1.35","1.06","1.73","1.66","0.01","undefined","3246"
"817","G,U","11","The Pride of Hull Clade","mythic","Creature","2.99","1.74","2.85","1.45","1.85","0.02","0.05555555555555555","3240"
"818","U","3","Gogo, Master of Mimicry","mythic","Creature","6.49","4.48","6.42","3.09","5.1","0.02","0.5126050420168067","3240"
"819","R","3","Electro, Assaulting Battery","rare","Creature","7.99","4.8","7.85","4.32","4.5","0.06","0.8557692307692307","3240"
"820","G,U,R","5","Gimbal, Gremlin Prodigy","mythic","Creature","0.99","0.25","0.71","0.22","0.27","1.17","0.4444444444444444","3220"
"821","R","5","Alena, Kessig Trapper // Gilanra, Caller of Wirewood","uncommon","Creature","0.35","0.19","0.35","0.08","0.19","0.04","0.25","3215"
"822","G,W","3","Calix, Guided by Fate","mythic","Creature","17.99","12.68","17.14","11.8","15.51","0.02","0.3622047244094489","3196"
"823","G","3","Six","rare","Creature","7.99","4.9","7.85","4.97","5.88","0.02","0.41139240506329094","3194"
"824","B,G","2","Old Stickfingers","rare","Creature","0.59","0.3","0.71","0.3","0.19","0.02","0.18478260869565216","3186"
"825","U","3","Malcolm, Keen-Eyed Navigator // Vial Smasher the Fierce","uncommon","Creature","0.35","0.3","0.35","0.16","0.23","0.04","0.4747474747474747","3164"
"826","U,B,R","5","Ashnod the Uncaring","mythic","Creature","0.99","0.36","0.71","0.32","0.33","0.12","0.4666666666666667","3160"
"827","U,R","2","Balmor, Battlemage Captain","uncommon","Creature","0.35","0.22","0.35","0.11","0.12","0.03","0.25000000000000033","3158"
"828","R,G,W","3","Jared Carthalion, True Heir","rare","Creature","0.49","0.21","0.35","0.13","0.12","0.17","0.3333333333333333","3157"
"829","B","2","Zul Ashur, Lich Lord","rare","Creature","1.49","0.95","1.42","0.79","0.75","0.02","0.18705035971223022","3154"
"830","B,G,U","3","Mimeoplasm, Revered One","mythic","Creature","0.99","0.31","0.71","0.28","0.29","0.02","0.2547169811320754","3151"
"831","G,U,R","3","Lara Croft, Tomb Raider","mythic","Creature","49.99","49.56","50","41.69","42.61","undefined","0.7","3146"
"832","W,U,B,R,G","3","Thanos, the Mad Titan","mythic","Creature","0.99","1.43","1.06","1.44","0.71","0.02","undefined","3144"
"833","U,B","2","Obyra, Dreaming Duelist","uncommon","Creature","0.69","0.34","0.71","0.18","0.19","0.03","0.23809523809523805","3141"
"834","U,B,R","4","Jeleva, Nephalia's Scourge","mythic","Creature","3.99","2.91","3.21","1.57","1.7","0.02","0.5909090909090909","3140"
"835","G,U","4","Alaundo the Seer","rare","Creature","0.49","0.17","0.35","0.13","0.19","undefined","0.35294117647058826","3138"
"836","U","4","Arcum Dagsson","mythic","Creature","16.99","16.78","16.42","6.27","10.12","0.02","1","3135"
"837","W,U,B","6","Sharuum the Hegemon","rare","Creature","0.99","0.33","0.54","0.21","0.29","0.02","0.5714285714285714","3135"
"838","G","3","Legolas, Master Archer","rare","Creature","0.69","0.36","0.71","0.23","0.32","0.02","0","3123"
"839","W,U,B,R,G","2","Jenson Carthalion, Druid Exile","mythic","Creature","1.49","0.68","1.42","0.66","0.33","1.68","0.17647058823529413","3122"
"840","R,W","4","Amy Rose","mythic","Creature","1.99","1.69","2.14","1","0.96","undefined","0.6326530612244899","3118"
"841","G,U,R","6","The Swarmlord","mythic","Creature","0.99","0.54","1.06","1.57","0.64","1.75","0.6","3115"
"842","U","3","Neerdiv, Devious Diver","rare","Creature","2.99","1.49","3.21","1.72","1.72","2.58","0.36904761904761907","3115"
"843","R,W,B","3","Mathas, Fiend Seeker","rare","Creature","0.99","0.53","0.71","0.32","0.44","0.03","0.23529411764705882","3108"
"844","G","5","Yedora, Grave Gardener","uncommon","Creature","0.35","0.19","0.35","0.08","0.12","0.02","0.34513274336283184","3099"
"845","W","4","Preston, the Vanisher","rare","Creature","54.99","35.16","50","27.14","41.48","3.36","0.3644859813084112","3098"
"846","R,G","8","Borborygmos Enraged","rare","Creature","0.49","0.29","0.35","0.28","0.23","0.02","0","3095"
"847","W","4","Ekthi, Contaminator Priest","rare","Creature","undefined","undefined","undefined","undefined","undefined","undefined","undefined","3090"
"848","U,B","4","Lazav, Dimir Mastermind","mythic","Creature","1.49","0.7","1.42","0.69","0.86","0.02","0.5789473684210527","3089"
"849","B,G","4","The Most Dangerous Gamer","rare","Creature","0.49","0.26","0.35","0.27","0.24","undefined","0.44505494505494503","3080"
"850","G","3","Pir, Imaginative Rascal // Toothy, Imaginary Friend","rare","Creature","4.99","4.5","4.28","4.42","5.74","5.49","0.36363636363636365","3076"
"851","R","6","Gilgamesh, Master-at-Arms","rare","Creature","0.79","0.95","0.71","0.31","0.51","0.02","0.38461538461538464","3068"
"852","R","1","Ragavan, Nimble Pilferer","mythic","Creature","49.99","43.82","46.43","33.41","44.64","7.27","1.292042657916324","3058"
"853","R,W","5","Cloud, Planet's Champion","mythic","Creature","1.99","1.8","2.14","2.99","1.92","0.57","0.4803921568627449","3057"
"854","U,B,R","3","Tetsuo, Imperial Champion","mythic","Creature","0.99","0.43","1.06","0.71","0.56","0.32","0.75","3048"
"855","R,G,W","3","Sigurd, Jarl of Ravensthorpe","rare","Creature","1.29","0.36","1.06","0.6","0.63","0.02","0.2","3043"
"856","G,W","2","Trelasarra, Moon Dancer","uncommon","Creature","0.39","0.29","0.54","0.2","0.28","0.03","0.45","3042"
"857","W,U,B","6","Elenda and Azor","mythic","Creature","1.49","0.44","1.06","0.47","0.69","4.56","0.5172413793103449","3042"
"858","B,R","4","Mishra, Claimed by Gix","mythic","Creature","7.49","6.49","7.14","4.19","5.72","0.02","0.2857142857142857","3037"
"859","U,B","3","Tegwyll, Duke of Splendor","mythic","Creature","6.99","4.5","7.14","4.72","4.53","3.06","0.37500000000000006","3027"
"860","W","4","Mondrak, Glory Dominus","mythic","Creature","64.99","42.12","64.29","30.49","40.42","0.02","1.0671580671580654","3026"
"861","W,U,B","3","Sydri, Galvanic Genius","mythic","Creature","1.49","0.86","1.42","0.53","0.69","0.02","0.09090909090909091","3024"
"862","G","5","Freyalise, Llanowar's Fury","rare","Planeswalker","4.99","4.04","4.99","0.23","3.08","1.36","0.42045454545454547","3016"
"863","G,U,R","5","Me, the Immortal","rare","Creature","0.49","0.26","0.35","0.18","0.16","undefined","0.7058823529411765","3012"
"864","G,U","6","Xolatoyac, the Smiling Flood","mythic","Creature","0.99","1.29","0.71","0.84","0.58","2","0.2631578947368421","3010"
"865","R,W","2","Pia Nalaar, Consul of Revival","rare","Creature","1.29","0.57","1.06","0.58","0.38","0.02","0.3157894736842105","2998"
"866","R,G","5","Vrondiss, Rage of Ancients","mythic","Creature","0.99","0.61","1.06","0.7","0.79","undefined","0.7647058823529411","2980"
"867","W","5","Gandalf the White","mythic","Creature","14.99","10.17","15.71","7.84","10.75","0.02","0.521505376344086","2980"
"868","W,U,B","3","Merieke Ri Berit","rare","Creature","2.29","2.83","2.14","0.95","1.55","0.02","0.9382716049382716","2973"
"869","R,W","7","Gisela, Blade of Goldnight","mythic","Creature","5.99","4.97","5.71","0.96","3.09","0.02","0.7492537313432835","2973"
"870","B,R","4","Wort, Boggart Auntie","rare","Creature","37.99","29.45","35.71","12.68","14.66","0.02","0.47368421052631576","2972"
"871","R,G","3","Svella, Ice Shaper","uncommon","Creature","0.35","0.16","0.35","0.07","0.11","0.02","0.25","2972"
"872","R,W","4","Iroas, God of Victory","mythic","Creature","14.99","9.64","14.28","8.98","12.06","0.02","0.4263959390862944","2971"
"873","W,U,B,R,G","5","Tazri, Beacon of Unity","mythic","Creature","0.99","0.26","0.71","0.24","0.19","0.02","0.3125","2950"
"874","R,G,W","2","Kaust, Eyes of the Glade","mythic","Creature","0.99","0.27","1.06","0.08","0.24","0.59","0.0625","2945"
"875","B,G","1","Grist, Voracious Larva","mythic","Creature","1.99","1.41","2.14","1.14","1.64","0.02","0.5789473684210527","2941"
"876","W,B","3","Teysa, Opulent Oligarch","rare","Creature","0.49","0.35","0.54","0.21","0.27","0.02","0.42105263157894735","2932"
"877","G,W","4","Treebeard, Gracious Host","rare","Creature","3.99","2.2","4.28","3.89","2.72","2.37","0.36633663366336633","2910"
"878","R,G","5","Thromok the Insatiable","mythic","Creature","3.49","2.83","3.56","0.74","1.2","0.02","0.25","2909"
"879","U,R,W","3","Narset, Jeskai Waymaster","rare","Creature","0.49","0.21","0.35","0.12","0.11","0.06","0.23148148148148137","2905"
"880","U,R,W","4","Ruhan of the Fomori","mythic","Creature","3.99","2.5","3.56","0.56","2.55","0.25","0.42105263157894735","2903"
"881","U,B","6","Xanathar, Guild Kingpin","mythic","Creature","3.99","2.15","3.56","2.21","3.07","0.02","0.8","2903"
"882","U","4","Cynette, Jelly Drover","uncommon","Creature","0.79","0.32","0.71","0.25","0.14","1","0.17924528301886797","2899"
"883","U","3","Gale, Waterdeep Prodigy // Scion of Halaster","rare","Creature","0.79","0.33","0.71","0.35","0.52","undefined","0.2063492063492063","2897"
"884","R,W","2","Aziza, Mage Tower Captain","rare","Creature","0.49","0.28","0.35","0.12","0.17","0.02","undefined","2897"
"885","W,B","1","Cecil, Dark Knight","rare","Creature","0.99","1.14","1.42","0.85","1.25","0.02","0.2743362831858407","2890"
"886","B,G","3","Glissa, the Traitor","mythic","Creature","3.99","2.4","3.56","0.95","2","0.02","0.5238095238095238","2885"
"887","U,R","2","Red Death, Shipwrecker","rare","Creature","0.69","0.35","0.54","0.32","0.29","0.54","0.05555555555555555","2885"
"888","R,G","4","Tana, the Bloodsower // Tymna the Weaver","mythic","Creature","5.49","4.74","5.71","3.46","5.62","2.45","0.8571428571428571","2875"
"889","","5","Dawnsire, Sunstar Dreadnought","mythic","Artifact","12.99","12.54","13.57","4.81","7.55","0.09","0.5784313725490194","2874"
"890","R","2","Wyll, Blade of Frontiers // Sword Coast Sailor","rare","Creature","0.69","0.53","0.71","0.34","0.48","1.03","0.0975609756097561","2859"
"891","G,W,U","5","Ellie and Alan, Paleontologists","rare","Creature","9.99","6.26","14.28","6.89","8.97","0.26","0.7333333333333333","2859"
"892","W,B","3","Lurrus of the Dream-Den","rare","Creature","2.29","2.14","2.14","1.39","2.82","0.02","0.7828571428571428","2852"
"893","B,R","6","Olivia, Crimson Bride","mythic","Creature","9.49","7.11","9.28","6.3","7.86","0.02","0.39285714285714285","2852"
"894","U,B","2","Rona, Herald of Invasion","rare","Creature","2.79","1.34","2.85","1.07","1.55","0.02","0.29357798165137616","2848"
"895","G","3","Ezuri, Renegade Leader","mythic","Creature","24.99","13.9","23.57","8.83","15.08","0.02","0.39361702127659576","2842"
"896","R","7","Dargo, the Shipwrecker // Tymna the Weaver","uncommon","Creature","0.35","0.3","0.35","0.16","0.19","0.04","0.3157894736842105","2842"
"897","W","4","Greymond, Avacyn's Stalwart","mythic","Creature","69.99","50.75","92.86","63.12","65.65","0.18","0.8823529411764706","2839"
"898","R","5","Baeloth Barrityl, Entertainer // Raised by Giants","mythic","Creature","17.99","12.2","17.85","16.44","15.51","undefined","0.48214285714285715","2833"
"899","W,B","3","Nalia de'Arnise","mythic","Creature","0.99","0.74","1.06","0.14","0.46","0.58","0","2831"
"900","R","5","Ganax, Astral Hunter // Acolyte of Bahamut","uncommon","Creature","3.99","2.74","2.49","1.73","6.05","6.72","0.22157434402332354","2828"
"901","W,U","3","Lyse Hext","rare","Creature","0.79","0.3","0.71","0.37","0.25","1.83","0.3166666666666667","2823"
"902","G,W","4","Aerith, Last Ancient","rare","Creature","0.59","0.33","0.54","0.34","0.32","1.4","0.33653846153846156","2819"
"903","U,B","5","Oskar, Rubbish Reclaimer","rare","Creature","0.69","0.54","0.71","0.42","0.45","2.8","0.3333333333333333","2814"
"904","U,R","3","Lilah, Undefeated Slickshot","rare","Creature","0.49","0.31","0.35","0.21","0.14","0.02","0.4666666666666667","2811"
"905","G,W","4","Captain Sisay","rare","Creature","14.99","13.53","14.28","3.85","9.54","1.74","0.9528795811518324","2808"
"906","R","3","Zo-Zu the Punisher","rare","Creature","6.49","4.11","6.42","3.05","4.29","0.02","0.7794676806083652","2803"
"907","B,R","4","Olivia Voldaren","mythic","Creature","4.49","3.4","4.28","2.94","2.62","0.02","1.5333333333333334","2795"
"908","B,G","7","Agent Frank Horrigan","rare","Creature","8.49","5.84","8.57","7.25","7.13","1.06","0.3009708737864078","2786"
"909","G,W","3","Polukranos Reborn","rare","Creature","0.49","0.37","0.54","0.45","0.25","0.02","0.3684210526315789","2782"
"910","G,U","4","Vannifar, Evolved Enigma","mythic","Creature","1.29","0.41","1.06","0.64","0.66","0.02","0.4230769230769231","2779"
"911","G","3","Kosei, Penitent Warlord","rare","Creature","0.49","0.25","0.54","0.17","0.25","0.55","0.05","2776"
"912","B,G","7","Hogaak, Arisen Necropolis","rare","Creature","1.49","1.08","1.42","1.29","1.57","0.16","0.6875","2772"
"913","W,U","3","Miles ""Tails"" Prower","mythic","Creature","1.29","1.28","1.42","0.6","0.64","undefined","0.4125","2765"
"914","R","3","General Kreat, the Boltbringer","uncommon","Creature","10.99","6.82","7.85","7.56","8.87","3.56","0.4805194805194805","2751"
"915","B,G","6","Aatchik, Emerald Radian","rare","Creature","0.49","0.29","0.54","0.22","0.14","0.02","0.13953488372093023","2748"
"916","W","3","Alisaie Leveilleur // Alphinaud Leveilleur","rare","Creature","0.69","0.31","0.71","0.39","0.4","2.02","0.24509803921568624","2747"
"917","G,W,U","5","Isu the Abominable","mythic","Creature","5.99","4.07","5.71","2.51","3.59","undefined","0.47058823529411764","2738"
"918","G","5","Titania, Protector of Argoth","mythic","Creature","0.99","0.27","1.06","0.48","0.42","0.02","0.3371104815864023","2732"
"919","W","5","God-Eternal Oketra","mythic","Creature","1.29","0.73","1.42","1.05","0.64","0.02","0.3409090909090908","2727"
"920","B,G","3","Grismold, the Dreadsower","rare","Creature","3.49","2.17","3.56","1.7","1.74","1.19","0.10526315789473684","2725"
"921","R,W","3","Wyleth, Soul of Steel","mythic","Creature","3.99","3.24","4.28","2.37","3.41","14.06","0.18181818181818182","2721"
"922","G,W","2","Katilda, Dawnhart Prime","rare","Creature","0.99","0.52","1.42","0.49","0.45","0.02","0.23636363636363636","2721"
"923","B","2","Francisco, Fowl Marauder // Malcolm, Keen-Eyed Navigator","rare","Creature","0.49","0.24","0.35","0.4","0.24","1.67","0.06666666666666667","2716"
"924","G,U,R","8","Ureni, the Song Unending","mythic","Creature","3.49","2.21","3.56","2.48","2.6","0.02","0.4891304347826085","2713"
"925","W,B","3","Victor, Valgavoth's Seneschal","rare","Creature","0.49","0.32","0.35","0.19","0.24","0.02","0.29787234042553196","2708"
"926","R","4","Delina, Wild Mage","rare","Creature","8.99","4.86","9.28","6.95","6.87","0.02","0.35555555555555535","2704"
"927","R,W","5","Aurelia, the Law Above","rare","Creature","2.99","1.43","2.49","0.68","1.75","0.02","0.225130890052356","2680"
"928","R,W","4","Raiyuu, Storm's Edge","rare","Creature","0.49","0.28","0.54","0.19","0.25","0.02","0.22727272727272727","2677"
"929","G","3","Eladamri, Korvecdal","mythic","Creature","10.99","9.25","11.42","6.88","7.63","0.02","0.4222222222222222","2677"
"930","","3","Liberator, Urza's Battlethopter","rare","Creature","9.49","7.45","9.28","4.34","7.08","0.02","0.3383233532934128","2675"
"931","W,B","5","Thalisse, Reverent Medium","uncommon","Creature","0.35","0.35","0.35","0.27","0.31","0.34","0.2912621359223301","2673"
"932","U,R,W","5","The Archimandrite","rare","Creature","0.49","0.28","0.54","0.15","0.16","0.22","0.3125","2673"
"933","U,R","2","Jhoira, Ageless Innovator","rare","Creature","0.49","0.24","0.54","0.2","0.16","0.02","0.2222222222222222","2667"
"934","B,R","5","The Scorpion God","mythic","Creature","0.99","0.29","0.71","0.38","0.32","0.02","0.08","2664"
"935","B","4","Horobi, Death's Wail","rare","Creature","0.99","0.44","1.06","0.27","0.24","0.02","0.8641304347826086","2656"
"936","R","5","Dragonhawk, Fate's Tempest","mythic","Creature","7.99","4.58","7.85","6.87","5.3","0.02","0.3846153846153847","2653"
"937","","6","Molecule Man","rare","Creature","9.49","6.66","9.99","8.32","15.49","8.33","undefined","2653"
"938","W,U","5","Yorion, Sky Nomad","rare","Creature","0.69","0.31","0.71","0.58","0.75","0.02","0.5090909090909093","2649"
"939","W,U","3","Kotori, Pilot Prodigy","mythic","Creature","0.99","0.42","1.06","0.03","0.24","5.56","0.3333333333333333","2648"
"940","R,G","3","Balthier and Fran","rare","Creature","0.49","0.27","0.35","0.14","0.17","0.02","0.19801980198019803","2647"
"941","W,U,B","4","Inquisitor Greyfax","mythic","Creature","1.49","0.78","1.42","0.81","0.63","0.9","0.0625","2635"
"942","W,U,B,R,G","4","Kyodai, Soul of Kamigawa","rare","Creature","0.49","0.36","0.35","0.23","0.23","0.02","0.15","2631"
"943","R,W","3","Kellan, the Fae-Blooded","mythic","Creature","8.49","5.67","7.85","4.72","5.62","0.02","0.4020618556701031","2630"
"944","R,W","2","Ajani, Nacatl Pariah","mythic","Creature","13.99","9.16","13.57","10.34","11.48","3.81","0.35294117647058826","2628"
"945","R","3","Valduk, Keeper of the Flame","uncommon","Creature","0.35","0.13","0.35","0.02","0.11","0.03","0.2777777777777778","2622"
"946","R,W,B","5","Neriv, Crackling Vanguard","mythic","Creature","0.99","0.86","0.71","0.43","0.34","undefined","0.26804123711340205","2617"
"947","R,W","3","Zirda, the Dawnwaker","rare","Creature","1.79","1.87","1.78","0.63","1","0.02","0.4907407407407409","2612"
"948","B","3","Maralen of the Mornsong","rare","Creature","23.99","32.08","22.85","15.95","24.33","0.02","1.064239828693791","2608"
"949","U,R","3","Rielle, the Everwise","mythic","Creature","5.99","4.09","5.71","2.49","4.72","0.02","0.375","2608"
"950","U","3","Fblthp, Lost on the Range","rare","Creature","0.49","0.33","0.54","0.18","0.16","0.02","0.15094339622641512","2608"
"951","B","1","Ashnod, Flesh Mechanist","rare","Creature","0.59","0.3","0.54","0.22","0.23","0.02","0.07142857142857142","2605"
"952","","0","Omarthis, Ghostfire Initiate","mythic","Creature","1.49","1.42","2.14","1.27","1.34","4.15","0.2608695652173913","2604"
"953","G,W","2","Dyadrine, Synthesis Amalgam","rare","Creature","0.49","0.27","0.54","0.24","0.25","0.02","0.15909090909090912","2601"
"954","G,U","4","Jyoti, Moag Ancient","mythic","Creature","0.99","0.27","0.71","0.31","0.16","0.02","0.2","2599"
"955","R,G","2","Redshift, Rocketeer Chief","rare","Creature","0.49","0.27","0.35","0.24","0.17","0.02","0.16935483870967746","2596"
"956","U","4","Alandra, Sky Dreamer","rare","Creature","11.99","9.63","11.42","5.8","7.81","4.5","0.16256157635467974","2595"
"957","G,U","3","Gor Muldrak, Amphinologist","rare","Creature","0.49","0.16","0.35","0.02","0.14","0.54","0.14285714285714285","2592"
"958","W","4","Dion, Bahamut's Dominant","rare","Creature","0.69","0.71","0.71","0.55","0.76","0.02","0.30769230769230776","2591"
"959","W,B","2","Dark Leo & Shredder","mythic","Creature","4.49","3.91","4.28","5.16","5.24","0.09","undefined","2586"
"960","B,R","2","Kroxa, Titan of Death's Hunger","mythic","Creature","3.99","2.41","4.28","2.74","3.49","0.26","0.617224880382775","2563"
"961","R","2","Ashling the Pilgrim","rare","Creature","0.49","0.26","0.35","0.1","0.11","0.02","0.8125","2550"
"962","U","4","Sakashima of a Thousand Faces // Vial Smasher the Fierce","mythic","Creature","39.99","33.64","39.28","16.51","41.96","9.85","0.9020833333333332","2548"
"963","B","5","Tevesh Szat, Doom of Fools // Thrasios, Triton Hero","mythic","Planeswalker","6.49","6.35","6.42","6.46","6.99","2.8","0.5728155339805826","2545"
"964","U,B,R","7","Thraximundar","rare","Creature","0.79","0.79","0.71","0.37","0.33","0.02","0.84","2540"
"965","B,G","4","Chief of the Wilds","mythic","Creature","39.99","27.08","39.28","18.47","20.27","1.07","undefined","2525"
"966","U,B","4","Sivitri, Dragon Master","mythic","Planeswalker","5.49","7.53","4.99","2.24","4.06","1.44","0.43478260869565216","2523"
"967","W,B","3","Kambal, Consul of Allocation","rare","Creature","9.49","8.87","9.28","5.06","8.88","0.02","0.8287526427061306","2521"
"968","W","3","Lae'zel, Vlaakith's Champion // Master Chef","rare","Creature","3.49","2.86","3.56","3.15","3.67","undefined","0.2684365781710914","2521"
"969","R,W","5","Alibou, Ancient Witness","mythic","Creature","0.99","0.27","1.06","0.53","0.32","0.74","0.3263157894736842","2519"
"970","U","6","Y'shtola Rhul","mythic","Creature","6.49","5.46","6.42","4.42","4.91","0.02","0.3181818181818184","2519"
"971","W,B","4","Felisa, Fang of Silverquill","mythic","Creature","2.49","1.71","2.49","0.1","1.26","2.13","0.15789473684210525","2518"
"972","U,B,R","6","Missy","rare","Creature","0.49","0.3","0.35","0.31","0.21","undefined","1.0666666666666667","2517"
"973","B","4","Fumulus, the Infestation","rare","Creature","14.99","9.59","14.99","6.44","9.45","5.42","0.32142857142857156","2515"
"974","W,U","4","Ephara, God of the Polis","mythic","Creature","6.49","7.46","6.42","5.78","5.68","0.02","0","2504"
"975","B","6","Trazyn the Infinite","rare","Creature","1.29","1.65","1.42","0.74","0.53","0.69","0.5625","2504"
"976","R,G","4","Stangg, Echo Warrior","rare","Creature","0.49","0.31","0.54","0.26","0.29","0.02","0.42105263157894735","2494"
"977","B,G","3","Glissa Sunslayer","rare","Creature","1.99","0.63","2.14","0.79","0.99","0.02","0.39378238341968913","2489"
"978","G","5","Greensleeves, Maro-Sorcerer","mythic","Creature","15.99","13.61","16.42","15.03","16.71","7.89","0.35359116022099474","2485"
"979","B,R,G","4","Soul of Windgrace","mythic","Creature","0.99","0.29","0.71","0.23","0.25","0.02","0.3157894736842105","2483"
"980","R,G","2","Radha, Heir to Keld","uncommon","Creature","0.35","0.18","0.35","0.1","0.16","0.02","0.6","2481"
"981","U,B,R","4","Cecily, Haunted Mage // Othelm, Sigardian Outcast","rare","Creature","0.69","0.4","0.71","0.3","0.28","2.23","0.7333333333333333","2479"
"982","G,W,U","3","Gorion, Wise Mentor","rare","Creature","0.49","0.17","0.35","0.12","0.14","0.19","0.375","2479"
"983","G,U","4","Galadriel, Elven-Queen","mythic","Creature","0.99","0.24","0.71","0.33","0.26","0.4","0.35294117647058826","2477"
"984","B,R,G","4","Mr. Orfeo, the Boulder","uncommon","Creature","0.35","0.16","0.35","0.04","0.11","0.03","0.2608695652173913","2473"
"985","R","0","Rograkh, Son of Rohgahh // Yoshimaru, Ever Faithful","uncommon","Creature","2.29","2.83","2.14","2.01","2.5","4.47","0.6612021857923498","2471"
"986","R,G","7","Klauth, Unrivaled Ancient","mythic","Creature","12.99","10.29","14.28","14.1","13.73","14.82","0.6648936170212766","2467"
"987","B","3","The Ghoul, Gunslinger","mythic","Creature","10.99","10.93","12.14","11.82","13.47","undefined","undefined","2467"
"988","R,W,B","4","Shanid, Sleepers' Scourge","mythic","Creature","3.99","2.4","4.28","1.93","2.94","2.86","0.22388059701492544","2463"
"989","W,U","4","Urza, Prince of Kroog","rare","Creature","0.79","0.58","0.71","0.39","0.7","0.03","0.26190476190476203","2459"
"990","B,R","5","Tor Wauki the Younger","uncommon","Creature","1.29","1.63","1.42","0.29","0.41","1.04","0.3","2454"
"991","R,W,B","3","Squall, Gunblade Duelist","rare","Creature","3.99","4.54","4.28","3.09","3.36","undefined","undefined","2452"
"992","R,W","4","Neyali, Suns' Vanguard","mythic","Creature","3.49","2.71","3.56","2.69","3.67","2.09","0.19047619047619052","2451"
"993","U","4","Tekuthal, Inquiry Dominus","mythic","Creature","2.29","1.26","2.14","1.78","1.6","0.02","0.5340909090909096","2448"
"994","G,U","2","The Goose Mother","rare","Creature","0.49","0.29","0.54","0.21","0.32","0.02","0.19626168224299065","2441"
"995","W","5","Lucy MacLean, Positively Armed","mythic","Creature","7.49","5.84","7.14","5.77","5.1","undefined","undefined","2437"
"996","W,U,B","4","Bane, Lord of Darkness","rare","Creature","0.49","0.26","0.35","0.08","0.2","undefined","0.2","2436"
"997","G","4","Toski, Bearer of Secrets","rare","Creature","8.99","6.54","9.28","4.37","4.36","0.02","0.46878547105561863","2425"
"998","G,W","4","Tadeas, Juniper Ascendant","rare","Creature","1.79","1.15","1.78","0.59","0.69","0.72","0.23809523809523808","2422"
"999","U,R","5","Melek, Reforged Researcher","mythic","Creature","1.29","0.53","1.42","undefined","0.7","0.59","0.2857142857142857","2413"
"1000","B","3","Acererak the Archlich","mythic","Creature","8.49","4.27","8.57","5.06","6.8","1.77","0.8333333333333334","2411"